period,Company,Open,Highest,Lowest,Close,Change,Change %,Volume Traded,Value Traded
1 Year,ALBABTAIN,38.10,69.85,35.8,68.5,30.4,79.79,"138,433,634","36,060,115.75"
1 Year,CENOMI RETAIL,12.22,35.38,10.08,20.12,7.9,64.65,"701,794,064","52,676,898.98"
1 Year,RASAN,72.38,122,67.59,118.6,46.22,63.86,"176,020,416","62,388,781.10"
1 Year,SAUDI CABLE,86.00,160,82.9,135,49,56.98,"30,008,899","2,803,738.30"
1 Year,EIC,7.87,12.16,4.89,11.41,3.54,44.98,"1,271,267,245","39,449,982.45"
1 Year,ABO MOATI,30.60,53.95,29.7,43,12.4,40.52,"97,727,919","43,416,021.70"
1 Year,BAHRI,21.80,32.5,20.64,29.5,7.7,35.32,"193,834,052","8,004,017.66"
1 Year,ALMAWARID,108.40,157.6,103.8,137.5,29.1,26.85,"18,587,963","8,719,917.90"
1 Year,ETIHAD ETISALAT,53.90,69,51.5,66.3,12.4,23.01,"264,214,654","103,972,510.15"
1 Year,SEERA,23.02,31.6,20.68,27.58,4.56,19.81,"318,059,792","31,040,950.00"
1 Year,AMAK,71.00,82.7,46.8,81.95,10.95,15.42,"70,376,512","44,150,953.60"
1 Year,ALMOOSA,146.00,212,126.6,167.2,21.2,14.52,"41,427,107","2,597,456.80"
1 Year,SENAAT,32.05,48.85,26.3,36.64,4.59,14.32,"158,167,237","17,055,834.42"
1 Year,MAADEN,52.30,68.45,37.85,59.55,7.25,13.86,"529,812,022","122,924,696.70"
1 Year,SNB,33.65,41,31.55,37.22,3.57,10.61,"1,212,522,934","227,425,065.22"
1 Year,ANB,20.00,26.26,19.5,22.04,2.04,10.20,"378,060,193","23,597,719.84"
1 Year,CHERRY,26.40,29.02,25.9,28.86,2.46,9.32,"21,179,200","132,239,708.06"
1 Year,SHL,16.98,24.9,15.68,18.01,1.03,6.07,"58,085,731","1,396,344.21"
1 Year,STC,39.90,48.3,39.7,42.32,2.42,6.07,"907,173,587","123,666,477.30"
1 Year,ZAIN KSA,10.24,13.36,10.02,10.78,0.54,5.27,"850,779,622","10,344,070.10"
1 Year,ALRAJHI,91.30,113,87.8,96,4.7,5.15,"905,813,428","360,566,949.15"
1 Year,JADWA REIT SAUDI,10.42,11.38,9.7,10.91,0.49,4.70,"60,425,697","383,073.99"
1 Year,BSF,15.61,18.94,15.2,16.25,0.64,4.10,"556,202,730","88,737,278.14"
1 Year,SISCO HOLDING,31.25,38.38,23.5,32.5,1.25,4.00,"109,994,327","5,589,909.08"
1 Year,ALDREES,124.00,154.4,109.6,128.5,4.5,3.63,"82,208,254","25,075,628.80"
1 Year,AL AZIZIAH REIT,3.97,4.78,3.48,4.11,0.14,3.53,"78,180,297","535,215.36"
1 Year,SABIC AGRI-NUTRIENTS,112.40,125.7,94.7,116,3.6,3.20,"141,382,867","131,668,743.70"
1 Year,DAR ALARKAN,15.52,23.94,13.84,15.9,0.38,2.45,"501,054,294","15,938,210.94"
1 Year,ALAWWAL,19.30,19.58,19,19.58,0.28,1.45,"2,622,060","30,693,634.94"
1 Year,HCC,11.46,11.7,11.36,11.6,0.14,1.22,"1,904,604","11,976,960.50"
1 Year,Sahara,17.26,17.48,16.7,17.46,0.2,1.16,"6,375,356","67,130,506.54"
1 Year,DUR,26.80,27.3,26.4,27,0.2,0.75,"222,446","4,338,476.30"
1 Year,BAWAN,49.60,63.5,42.25,49.66,0.06,0.12,"52,262,527","9,241,758.96"
1 Year,AVALON PHARMA,120.80,140.6,108,120.9,0.1,0.08,"9,662,484","2,818,152.80"
1 Year,SABB TAKAFUL,11.50,11.98,11.5,11.5,0,0.00,"539,556","6,349,103.58"
1 Year,MMG,12.55,12.9,11.8,12.55,0,0.00,"5,310,626","66,213,259.00"
1 Year,WAFA INSURANCE,9.50,10,9.3,9.5,0,0.00,"915,571","8,767,344.86"
1 Year,ALAHLIA,14.76,15.02,14.5,14.76,0,0.00,"1,119,353","16,457,121.40"
1 Year,ATC,34.00,34.35,33.8,34,0,0.00,"263,305","8,968,049.20"
1 Year,PETROCHEM,45.45,46,45.4,45.45,0,0.00,"102,240","4,661,416.70"
1 Year,SAMBA,38.50,39.1,37.8,38.5,0,0.00,"8,954,421","343,828,273.55"
1 Year,Weqaya Takaful,19.39,19.75,19.15,19.39,0,0.00,"1,694,478","32,930,031.50"
1 Year,ALKHODARI,5.39,5.76,5.18,5.39,0,0.00,"4,609,164","25,244,810.49"
1 Year,Bishah Agriculture,69.75,81,69.75,69.75,0,0.00,"4,570,725","339,704,400.75"
1 Year,ALINMA TOKIO M,12.80,12.84,12.06,12.8,0,0.00,"765,899","9,519,564.54"
1 Year,SANAD,15.23,17.75,14.75,15.23,0,0.00,"1,572,218","25,722,117.10"
1 Year,SOLIDARITY,14.20,14.52,14.16,14.2,0,0.00,"636,038","9,053,258.36"
1 Year,UCA,8.99,11.22,3.66,3.67,-5.32,-59.18,"92,145,959","2,742,470.03"
1 Year,GULF GENERAL,10.30,13.26,4.22,4.33,-5.97,-57.96,"87,052,184","733,723.26"
1 Year,NICE ONE,45.50,69.7,19.22,19.4,-26.1,-57.36,"387,923,502","9,867,323.29"
1 Year,JAHEZ,34.20,40,15.23,15.51,-18.69,-54.65,"439,718,089","16,821,105.41"
1 Year,SAPTCO,22.12,22.26,10.09,10.31,-11.81,-53.39,"122,925,625","2,139,511.76"
1 Year,NASEEJ,92.50,115.4,42.3,44.2,-48.3,-52.22,"63,625,866","9,956,616.32"
1 Year,BANAN,8.20,9.05,3.86,3.95,-4.25,-51.83,"148,632,850","471,718.74"
1 Year,ANAAM HOLDING,26.00,31,12.25,12.69,-13.31,-51.19,"179,033,600","2,918,138.66"
1 Year,CHEMANOL,18.52,18.94,8.59,9.06,-9.46,-51.08,"88,938,384","1,097,482.12"
1 Year,ACWA POWER,391.71,435.36,186.2,192,-199.71,-50.98,"83,313,528","59,521,624.00"
1 Year,ALRAJHI TAKAFUL,175.80,187,84,86.9,-88.9,-50.57,"35,734,826","13,385,479.35"
1 Year,ALETIHAD,17.76,18.98,8.38,8.8,-8.96,-50.45,"47,657,583","439,276.62"
1 Year,SFICO,140.14,157,67.95,69.85,-70.29,-50.16,"24,606,197","7,128,462.00"
1 Year,TANMIAH,125.80,133.4,59.1,62.8,-63,-50.08,"31,412,233","5,060,303.30"
1 Year,SAIC,36.20,37.1,17.75,18.4,-17.8,-49.17,"112,233,206","6,947,818.20"
1 Year,SAUDI GERMAN HEALTH,72.90,84.8,37.66,38,-34.9,-47.87,"85,664,634","37,604,298.26"
1 Year,FAKEEH CARE,70.90,72.9,36.68,37.02,-33.88,-47.79,"105,588,337","6,469,121.52"
1 Year,ENTAJ,65.00,72.8,32.9,34.1,-30.9,-47.54,"71,568,771","2,759,033.56"
1 Year,ALAKARIA,24.80,29.95,12.77,13.07,-11.73,-47.30,"197,490,476","12,056,631.96"
1 Year,SRMG,263.60,300,136.2,144,-119.6,-45.37,"18,441,759","9,722,311.30"
1 Year,AMIANTIT,30.95,31.5,16.55,17,-13.95,-45.07,"169,480,469","3,713,698.74"
1 Year,UCIC,49.25,54.5,26.16,27.12,-22.13,-44.93,"88,819,808","2,914,058.28"
1 Year,SALAMA,17.90,22.32,9.78,9.9,-8,-44.69,"76,020,003","1,786,218.77"
1 Year,ALAMAR,76.50,83.8,41,42.88,-33.62,-43.95,"25,821,101","2,196,630.34"
1 Year,RAYDAN,47.97,53.03,26,26.96,-21.01,-43.80,"25,546,088","831,286.74"
1 Year,RED SEA,64.10,65.6,32.1,36.2,-27.9,-43.53,"122,848,040","7,303,603.96"
1 Year,TADCO,15.32,16.38,8.22,8.66,-6.66,-43.47,"30,736,213","727,995.39"
1 Year,ALMUNAJEM,97.40,103,53,55.35,-42.05,-43.17,"38,760,735","5,666,203.85"
1 Year,WATANIYA,22.82,27.35,12.87,13.04,-9.78,-42.86,"70,791,550","2,325,571.82"
1 Year,MBC GROUP,54.60,60.5,27.56,31.7,-22.9,-41.94,"306,344,201","8,049,323.76"
1 Year,SAUDI DARB,4.10,5.3,2.3,2.4,-1.7,-41.46,"2,149,068,887","4,122,915.91"
1 Year,WAFRAH,38.00,40.9,21.67,22.5,-15.5,-40.79,"28,493,579","1,580,799.83"
1 Year,ENAYA,12.78,13.66,7.31,7.59,-5.19,-40.61,"62,417,226","530,388.85"
1 Year,BATIC,3.49,4.09,1.96,2.09,-1.4,-40.11,"2,048,443,918","7,848,399.52"
1 Year,AMANA INSURANCE,10.58,11.84,6,6.37,-4.21,-39.79,"64,909,437","1,088,606.86"
1 Year,APC,8.46,10.62,4.93,5.11,-3.35,-39.60,"770,776,022","15,535,470.30"
1 Year,A.OTHAIM MARKET,10.94,11.02,6.6,6.61,-4.33,-39.58,"372,295,311","15,143,276.32"
1 Year,TAKWEEN,10.64,11.16,6.15,6.45,-4.19,-39.38,"69,419,652","540,780.71"
1 Year,ALSAGR INSURANCE,17.42,19.26,10.1,10.57,-6.85,-39.32,"103,588,585","3,599,270.17"
1 Year,LEEJAM SPORTS,188.00,192.4,111.2,114.1,-73.9,-39.31,"31,463,574","5,377,465.30"
1 Year,HB,55.40,58.8,32.9,33.76,-21.64,-39.06,"19,270,794","1,426,691.36"
1 Year,MESC,39.00,48.05,22.28,23.97,-15.03,-38.54,"114,994,977","12,776,433.72"
1 Year,MEDGULF,21.00,29.65,12.8,12.98,-8.02,-38.19,"272,989,420","9,654,184.23"
1 Year,NCLE,239.60,242,138.2,148.9,-90.7,-37.85,"9,664,660","2,168,238.00"
1 Year,SSP,67.50,77.8,39.8,42,-25.5,-37.78,"58,866,238","9,685,806.94"
1 Year,CATRION,129.80,144.4,80.9,82.5,-47.3,-36.44,"38,003,533","12,727,471.80"
1 Year,ARABIAN SHIELD,19.08,21.54,11.25,12.14,-6.94,-36.37,"66,757,349","698,053.17"
1 Year,RAOOM,91.50,101.4,54,58.25,-33.25,-36.34,"15,208,562","746,573.35"
1 Year,FARM SUPERSTORES,22.84,23.98,14.04,14.6,-8.24,-36.08,"25,409,042","732,276.85"
1 Year,HERFY FOODS,24.94,26.85,15.61,15.95,-8.99,-36.05,"65,379,400","4,886,789.25"
1 Year,YCC,23.90,25.5,15.18,15.38,-8.52,-35.65,"81,294,911","4,074,400.16"
1 Year,MEPCO,36.65,39,23.19,23.6,-13.05,-35.61,"94,330,071","7,918,539.38"
1 Year,SIPCHEM,24.70,25.7,15.91,15.91,-8.79,-35.59,"413,048,428","35,440,213.35"
1 Year,BURGERIZZR,22.28,24.24,14.15,14.38,-7.9,-35.46,"148,692,598","2,360,003.89"
1 Year,SVCP,36.10,42.15,21.95,23.3,-12.8,-35.46,"11,680,517","1,312,934.43"
1 Year,ARAB SEA,6.86,7.06,4.31,4.46,-2.4,-34.99,"179,454,043","1,679,428.49"
1 Year,SAL,264.20,289.2,156,172.1,-92.1,-34.86,"48,662,115","27,774,652.80"
1 Year,MALATH INSURANCE,15.66,18.84,10.13,10.21,-5.45,-34.80,"70,238,507","1,556,761.68"
1 Year,SPPC,12.80,13.88,8,8.36,-4.44,-34.69,"94,431,039","2,739,137.22"
1 Year,WALAA,18.04,25.2,10.8,11.8,-6.24,-34.59,"211,189,399","8,020,237.39"
1 Year,EQUIPMENT HOUSE,51.60,52.8,31.66,33.88,-17.72,-34.34,"17,170,127","11,580,809.66"
1 Year,TECO,19.00,24.4,12.14,12.52,-6.48,-34.11,"416,864,463","8,223,592.63"
1 Year,SPCC,33.70,35.25,21.95,22.21,-11.49,-34.09,"20,579,847","2,186,097.03"
1 Year,EMAAR EC,17.23,19.7,10.72,11.39,-5.84,-33.89,"76,005,548","3,240,714.30"
1 Year,TALCO,55.90,61.5,32.88,37.14,-18.76,-33.56,"44,229,299","1,391,349.82"
1 Year,JOUF CEMENT,10.14,12.94,6.39,6.75,-3.39,-33.43,"81,386,857","956,613.11"
1 Year,ZOUJAJ,56.00,58.6,36.12,37.44,-18.56,-33.14,"49,943,412","3,055,819.36"
1 Year,SINAD HOLDING,14.08,15.32,9.07,9.42,-4.66,-33.10,"63,166,920","1,005,589.09"
1 Year,FITAIHI GROUP,4.36,4.87,2.85,2.93,-1.43,-32.80,"631,594,444","2,840,782.44"
1 Year,ALDAWAA,80.80,87.3,54,54.9,-25.9,-32.05,"35,306,393","11,358,978.70"
1 Year,LUMI,77.50,81.3,51.55,52.7,-24.8,-32.00,"38,723,485","3,236,914.55"
1 Year,MARAFIQ,56.70,58.3,36.5,38.56,-18.14,-31.99,"104,034,701","4,623,220.00"
1 Year,ACIG,13.14,19,8.75,8.94,-4.2,-31.96,"121,212,075","2,436,532.45"
1 Year,ALKHALEEJ TRNG,30.90,35.65,20.24,21.09,-9.81,-31.75,"83,131,557","4,146,523.42"
1 Year,EPCCO,34.45,37.2,23,23.7,-10.75,-31.20,"30,272,659","2,375,726.09"
1 Year,OASIS,3.28,3.57,2.18,2.26,-1.02,-31.10,"187,012,905","1,469,732.88"
1 Year,MIAHONA,28.00,28.95,16.62,19.31,-8.69,-31.04,"297,818,149","5,156,670.96"
1 Year,TAPRCO,26.78,31.56,18.33,18.47,-8.31,-31.03,"65,387,162","3,034,574.89"
1 Year,FIPCO,44.20,47.1,29.7,30.6,-13.6,-30.77,"16,686,427","845,831.50"
1 Year,LIVA,16.90,18.48,10.9,11.7,-5.2,-30.77,"36,688,961","424,492.90"
1 Year,SMASCO,7.87,8.41,5.26,5.45,-2.42,-30.75,"522,380,845","6,448,584.83"
1 Year,ELM,"1,125.00",1289,745,781.5,-343.5,-30.53,"18,474,843","52,182,766.00"
1 Year,SADAFCO,343.00,360,237,238.5,-104.5,-30.47,"7,304,099","4,863,039.10"
1 Year,ALJOUF,60.40,62.3,40.65,42,-18.4,-30.46,"30,674,330","1,546,246.16"
1 Year,2P,12.67,13.49,8.45,8.84,-3.83,-30.23,"145,644,480","2,039,602.75"
1 Year,CHUBB,35.74,44.7,21.98,25,-10.74,-30.05,"82,067,203","4,558,629.35"
1 Year,NADEC,26.20,28,18.02,18.42,-7.78,-29.69,"308,611,861","20,528,150.30"
1 Year,RETAL,17.38,18.24,10.88,12.26,-5.12,-29.46,"265,063,922","20,327,852.30"
1 Year,SHARQIYAH DEV,20.12,23.76,13.85,14.2,-5.92,-29.42,"68,001,516","944,966.35"
1 Year,ALOMRAN,38.00,41.2,24.94,26.9,-11.1,-29.21,"16,991,616","880,191.52"
1 Year,JAZADCO,12.72,14,8.85,9.04,-3.68,-28.93,"35,358,670","343,270.43"
1 Year,ALHAMMADI,40.40,44.6,28.72,28.78,-11.62,-28.76,"117,040,745","15,680,674.22"
1 Year,OBEIKAN GLASS,37.00,41.6,24.59,26.6,-10.4,-28.11,"25,290,755","10,197,231.14"
1 Year,GULF UNION ALAHLIA,15.86,17.94,10.86,11.41,-4.45,-28.06,"39,333,413","549,837.43"
1 Year,BUPA ARABIA,200.00,215,140.6,144,-56,-28.00,"38,610,695","11,685,178.90"
1 Year,UACC,17.70,20.34,12.29,12.75,-4.95,-27.97,"26,090,390","444,825.26"
1 Year,BINDAWOOD,6.66,7.04,4.54,4.8,-1.86,-27.93,"223,119,842","4,053,059.36"
1 Year,YC,32.75,40.55,22.59,23.63,-9.12,-27.85,"87,656,282","9,998,084.12"
1 Year,CITY CEMENT,17.82,21.88,12.56,12.88,-4.94,-27.72,"63,872,133","1,833,296.64"
1 Year,JAZIRA TAKAFUL,15.98,17.7,11.28,11.6,-4.38,-27.41,"27,022,244","1,288,918.23"
1 Year,CHEMICAL,9.80,10.72,6.06,7.14,-2.66,-27.14,"1,173,934,830","35,854,228.11"
1 Year,SIDC,17.51,22.98,12.59,12.76,-4.75,-27.13,"87,677,232","4,827,759.80"
1 Year,ARTEX,15.56,16.9,11.1,11.34,-4.22,-27.12,"26,687,100","2,165,845.38"
1 Year,BAAN,2.56,2.69,1.77,1.87,-0.69,-26.95,"854,127,578","2,569,941.77"
1 Year,JABAL OMAR,20.72,28.4,14.83,15.27,-5.45,-26.30,"945,303,409","31,886,840.39"
1 Year,SEDCO CAPITAL REIT,8.33,8.52,6.14,6.15,-2.18,-26.17,"37,829,531","6,217,613.08"
1 Year,TADAWUL GROUP,224.00,230.2,158.7,165.7,-58.3,-26.03,"32,304,316","54,298,250.60"
1 Year,TAMKEEN,70.10,72.6,46.8,51.9,-18.2,-25.96,"59,967,829","4,443,463.60"
1 Year,RIYADH CEMENT,32.90,37.3,22.98,24.4,-8.5,-25.84,"67,391,210","5,195,715.35"
1 Year,NAJRAN CEMENT,9.18,9.42,6.8,6.84,-2.34,-25.49,"88,219,750","2,483,483.92"
1 Year,SARCO,73.30,75.5,52.5,54.7,-18.6,-25.38,"24,651,828","2,886,233.40"
1 Year,BUILD STATION,80.80,93,56.95,60.3,-20.5,-25.37,"28,497,004","6,637,875.30"
1 Year,ALMARAI,59.20,61.5,43.5,44.2,-15,-25.34,"233,126,918","21,096,509.66"
1 Year,ALANDALUS,23.90,26.8,16.7,17.95,-5.95,-24.90,"19,029,144","495,322.97"
1 Year,NGC,21.80,24,15.6,16.44,-5.36,-24.59,"40,091,512","3,197,256.42"
1 Year,SAUDI KAYAN,6.96,7.15,4.46,5.25,-1.71,-24.57,"1,241,531,864","10,826,954.02"
1 Year,GIG,31.00,33,22.04,23.4,-7.6,-24.52,"29,505,102","1,421,313.71"
1 Year,ARABIAN MILLS,51.50,52.4,37,38.96,-12.54,-24.35,"36,494,266","1,464,376.90"
1 Year,DERAYAH,39.00,43.9,23.04,29.56,-9.44,-24.21,"210,097,644","14,382,126.68"
1 Year,ASLAK,28.50,31.1,19.84,21.64,-6.86,-24.07,"20,417,978","647,960.97"
1 Year,TCC,12.42,14.54,9.36,9.45,-2.97,-23.91,"52,829,172","948,622.58"
1 Year,ALUJAIN,38.70,40.05,29.5,29.5,-9.2,-23.77,"62,865,981","8,702,387.42"
1 Year,MODERN MILLS,41.35,44.8,29.6,31.6,-9.75,-23.58,"22,375,339","1,130,600.20"
1 Year,MOUWASAT,91.90,95.4,65.6,70.25,-21.65,-23.56,"129,497,440","22,420,599.55"
1 Year,ALKATHIRI,2.60,2.74,1.86,1.99,-0.61,-23.46,"384,407,452","1,880,204.67"
1 Year,SGS,51.60,57.1,38.98,39.6,-12,-23.26,"102,690,006","22,346,696.64"
1 Year,ASTRA INDUSTRIAL,174.20,207,125.6,133.8,-40.4,-23.19,"31,380,895","8,411,907.80"
1 Year,SIIG,17.51,20,13.43,13.48,-4.03,-23.02,"278,037,071","11,963,065.41"
1 Year,MAADANIYAH,18.34,18.9,12.52,14.14,-4.2,-22.90,"58,570,058","1,792,795.72"
1 Year,THEEB,75.50,80.5,57.25,58.35,-17.15,-22.72,"21,426,127","3,475,146.65"
1 Year,ALMAJDIAH,13.83,14.46,9.97,10.69,-3.14,-22.70,"185,448,674","4,913,765.64"
1 Year,ALASEEL,4.32,4.53,3.3,3.35,-0.97,-22.45,"194,219,592","2,027,256.51"
1 Year,SIECO,2.42,2.63,1.77,1.88,-0.54,-22.31,"522,942,008","4,246,584.42"
1 Year,ALJAZIRA REIT,15.86,16.48,11.92,12.37,-3.49,-22.01,"21,263,279","175,094.48"
1 Year,AICC,12.68,14.08,9.7,9.91,-2.77,-21.85,"34,190,191","111,825.83"
1 Year,ACC,26.95,27.85,20.43,21.14,-5.81,-21.56,"50,956,897","1,729,937.55"
1 Year,ATAA,75.70,78.8,58,59.4,-16.3,-21.53,"12,286,432","1,766,133.30"
1 Year,GASCO,102.80,117.2,65.8,80.8,-22,-21.40,"19,588,449","4,005,339.50"
1 Year,GO TELECOM,118.60,120.6,80,93.4,-25.2,-21.25,"88,773,842","33,122,912.40"
1 Year,SMC HEALTHCARE,24.16,25,17.62,19.04,-5.12,-21.19,"140,340,503","22,725,111.00"
1 Year,SAICO,15.38,19.86,11.84,12.13,-3.25,-21.13,"43,018,795","700,157.76"
1 Year,SOLUTIONS,288.00,340,219.9,227.2,-60.8,-21.11,"31,528,257","18,276,313.30"
1 Year,RIYAD REIT,6.40,6.85,4.95,5.08,-1.32,-20.63,"39,835,631","508,925.36"
1 Year,QACCO,53.50,54.6,40.5,42.48,-11.02,-20.60,"41,072,084","10,362,580.54"
1 Year,ALARABIA,147.27,158.8,79.7,117.5,-29.77,-20.21,"62,524,305","11,646,640.50"
1 Year,ARABIAN DRILLING,114.80,120,72,91.95,-22.85,-19.90,"64,569,640","17,625,795.90"
1 Year,YANSAB,37.95,39.05,28.25,30.42,-7.53,-19.84,"114,333,216","7,562,172.08"
1 Year,SABIC,68.50,70.6,53,54.95,-13.55,-19.78,"434,731,638","46,760,160.10"
1 Year,SAUDI CERAMICS,35.70,37.35,24,28.64,-7.06,-19.78,"129,798,622","4,327,471.80"
1 Year,AMERICANA,2.23,2.76,1.76,1.79,-0.44,-19.73,"6,563,574,567","60,311,144.99"
1 Year,MUTAKAMELA,14.80,20.38,11.47,11.89,-2.91,-19.66,"41,285,919","1,084,076.53"
1 Year,FIRST MILLS,61.60,64.4,46.86,49.74,-11.86,-19.25,"18,413,317","1,180,677.34"
1 Year,NAHDI,122.80,132.1,95.6,100.3,-22.5,-18.32,"51,329,050","35,033,731.45"
1 Year,DALLAH HEALTH,154.00,164,109,126.4,-27.6,-17.92,"20,218,005","14,761,052.50"
1 Year,ALISTITHMAR REIT,8.89,10.6,5.71,7.3,-1.59,-17.89,"71,451,135","190,921.68"
1 Year,ALSAIF GALLERY,7.83,8.35,6.41,6.46,-1.37,-17.50,"102,940,475","871,310.96"
1 Year,FLYNAS,77.30,84.1,60.25,63.95,-13.35,-17.27,"131,861,862","49,634,963.30"
1 Year,NORTHERN CEMENT,8.95,10.1,7.22,7.42,-1.53,-17.09,"87,808,240","1,242,048.01"
1 Year,JADWA REIT ALHARAMAIN,5.90,6.83,4.8,4.9,-1,-16.95,"28,221,340","149,940.83"
1 Year,LUBEREF,113.40,116.6,81.3,94.7,-18.7,-16.49,"61,127,770","39,230,020.60"
1 Year,SACO,32.35,35.6,25.3,27.06,-5.29,-16.35,"32,751,045","2,880,853.82"
1 Year,TAWUNIYA,142.60,161,114.2,119.3,-23.3,-16.34,"83,329,563","46,870,452.40"
1 Year,SADR,3.30,3.49,2.58,2.77,-0.53,-16.06,"373,543,361","2,111,804.93"
1 Year,BJAZ,13.54,15.43,11.14,11.39,-2.15,-15.88,"739,242,206","48,075,892.75"
1 Year,SAUDI ELECTRICITY,16.80,17.36,13.72,14.14,-2.66,-15.83,"361,768,272","11,706,858.94"
1 Year,CARE,171.20,183.5,139.2,144.5,-26.7,-15.60,"30,073,159","21,795,953.50"
1 Year,SASCO,69.40,78.2,49.02,58.6,-10.8,-15.56,"60,850,510","9,315,859.85"
1 Year,GACO,19.36,21.46,15.12,16.35,-3.01,-15.55,"30,530,831","170,058.96"
1 Year,AZM,28.60,31.7,22.67,24.22,-4.38,-15.31,"22,584,118","10,218,319.64"
1 Year,ALINMA,28.70,31.3,23.94,24.32,-4.38,-15.26,"1,487,579,172","137,828,002.89"
1 Year,KEC,14.16,17.7,11.62,12.02,-2.14,-15.11,"120,729,770","567,519.05"
1 Year,BUDGET SAUDI,76.70,87.8,64,65.15,-11.55,-15.06,"50,033,935","18,579,565.90"
1 Year,GAS,16.24,17.99,13.52,13.86,-2.38,-14.66,"15,832,702","523,929.57"
1 Year,MULKIA REIT,5.43,5.52,4.45,4.64,-0.79,-14.55,"27,765,421","121,165.58"
1 Year,SHAKER,26.90,31.95,22.9,23.05,-3.85,-14.31,"83,249,336","5,610,436.57"
1 Year,BCI,30.65,33.65,24.52,26.3,-4.35,-14.19,"11,631,074","747,203.74"
1 Year,LAZURDE,13.84,14.9,11.44,11.89,-1.95,-14.09,"59,698,224","1,175,552.05"
1 Year,DWF,130.60,149.7,93,112.3,-18.3,-14.01,"14,474,579","6,153,708.70"
1 Year,CMCER,8.25,9.14,6.95,7.1,-1.15,-13.94,"81,454,692","3,438,006.59"
1 Year,KINGDOM,9.12,10.88,7.03,7.87,-1.25,-13.71,"120,970,110","3,608,491.33"
1 Year,MEFIC REIT,4.04,4.13,3.4,3.49,-0.55,-13.61,"39,215,421","275,044.29"
1 Year,NAQI,63.40,70,49.06,54.85,-8.55,-13.49,"11,262,535","2,708,640.40"
1 Year,MUSHARAKA REIT,4.76,5.06,3.99,4.13,-0.63,-13.24,"30,880,467","365,209.81"
1 Year,SAUDI RE,32.13,44.27,25.45,27.9,-4.23,-13.17,"306,772,822","16,754,810.10"
1 Year,ALMAJED OUD,158.80,179.4,106.4,138,-20.8,-13.10,"33,290,104","5,284,182.90"
1 Year,SULAIMAN ALHABIB,288.20,308,227.7,251.2,-37,-12.84,"48,751,090","61,595,256.40"
1 Year,SAUDI CEMENT,41.50,46.7,35.4,36.22,-5.28,-12.72,"42,356,182","4,807,279.90"
1 Year,NAMA CHEMICALS,26.40,31.85,23,23.12,-3.28,-12.42,"17,991,003","1,318,426.59"
1 Year,BURUJ,18.28,24.08,14.62,16.01,-2.27,-12.42,"27,734,918","1,872,712.11"
1 Year,ALBILAD,29.54,33.88,23.38,25.9,-3.64,-12.32,"415,591,204","28,801,409.62"
1 Year,SAUDI ARAMCO,27.95,29,23.04,24.52,-3.43,-12.27,"2,962,149,934","148,412,361.53"
1 Year,FOURTH MILLING,4.25,4.36,3.34,3.74,-0.51,-12.00,"502,967,861","1,389,552.24"
1 Year,RIYADH CABLES,142.20,165,105.4,126.5,-15.7,-11.04,"62,618,694","25,340,532.10"
1 Year,SUMOU,40.15,55.4,34.75,35.8,-4.35,-10.83,"68,755,763","2,949,723.82"
1 Year,PETRO RABIGH,8.11,9.48,6.26,7.25,-0.86,-10.60,"824,597,105","19,312,404.27"
1 Year,DERAYAH REIT,6.04,6.25,5.04,5.41,-0.63,-10.43,"35,170,011","182,209.79"
1 Year,SPM,63.50,72.2,48.3,56.9,-6.6,-10.39,"32,295,190","10,274,115.30"
1 Year,ALAHLI REIT 1,7.12,7.4,6.05,6.38,-0.74,-10.39,"15,351,412","274,892.80"
1 Year,SAIB,14.54,15.58,12.85,13.07,-1.47,-10.11,"152,600,231","2,616,614.57"
1 Year,MRNA,11.08,12.73,9.88,9.96,-1.12,-10.11,"35,509,254","1,718,215.33"
1 Year,NAYIFAT,13.94,15.68,11.54,12.57,-1.37,-9.83,"78,395,113","738,361.02"
1 Year,SAVOLA GROUP,26.83,40.6,22.52,24.3,-2.53,-9.43,"257,156,477","23,093,240.97"
1 Year,EXTRA,97.60,100.4,83.4,88.55,-9.05,-9.27,"76,643,239","13,514,750.60"
1 Year,ALINMA RETAIL REIT,4.85,4.94,4.31,4.41,-0.44,-9.07,"36,855,989","2,428,145.84"
1 Year,TAIBA,38.00,53.8,32.85,34.58,-3.42,-9.00,"80,261,240","2,177,306.24"
1 Year,TALEEM REIT,11.00,11.28,9.21,10.03,-0.97,-8.82,"18,814,693","386,773.43"
1 Year,MIS,171.80,174.8,118,157.3,-14.5,-8.44,"15,396,730","9,785,735.10"
1 Year,SPIMACO,30.20,34.8,20.94,27.7,-2.5,-8.28,"109,935,397","3,702,159.50"
1 Year,METLIFE AIG ANB,15.50,16.56,14.02,14.3,-1.2,-7.74,"2,247,629","17,571,429.72"
1 Year,ARDCO,27.50,38.4,24.88,25.38,-2.12,-7.71,"72,745,037","2,673,404.84"
1 Year,ADVANCED,33.40,38.64,25.85,30.86,-2.54,-7.60,"178,962,837","7,908,553.38"
1 Year,MAHARAH,6.23,7.3,4.39,5.76,-0.47,-7.54,"609,368,802","46,083,430.26"
1 Year,BAAZEEM,6.68,7.14,4.84,6.18,-0.5,-7.49,"117,924,234","1,010,890.15"
1 Year,TASNEE,10.42,11.94,8.53,9.65,-0.77,-7.39,"516,467,727","9,646,509.07"
1 Year,SPORT CLUBS,9.30,13.46,7.59,8.62,-0.68,-7.31,"1,013,669,337","13,679,984.22"
1 Year,RIBL,27.65,33.2,25.3,25.84,-1.81,-6.55,"555,873,232","71,062,601.46"
1 Year,ADES,18.14,18.7,12.16,16.97,-1.17,-6.45,"587,966,994","36,472,953.17"
1 Year,THIMAR,41.30,60,31.72,38.66,-2.64,-6.39,"85,245,011","4,016,695.44"
1 Year,AWPT,147.20,172.4,122.9,138,-9.2,-6.25,"17,621,197","5,232,602.30"
1 Year,AYYAN,14.62,18.16,11.4,13.72,-0.9,-6.16,"125,240,677","11,407,116.80"
1 Year,MCDC,90.18,114.6,67.95,84.95,-5.23,-5.80,"58,908,234","8,261,021.10"
1 Year,EAST PIPES,143.80,173,100.2,135.6,-8.2,-5.70,"40,385,342","11,891,788.70"
1 Year,MASAR,19.50,26.98,16.5,18.42,-1.08,-5.54,"766,614,673","44,257,208.40"
1 Year,CENOMI CENTERS,20.92,23.52,18.32,19.9,-1.02,-4.88,"312,544,434","24,439,216.72"
1 Year,Al RAJHI REIT,8.49,8.56,8.03,8.08,-0.41,-4.83,"59,447,166","1,996,590.80"
1 Year,TASHEEL,167.20,199.4,143,159.2,-8,-4.78,"23,859,698","6,685,394.10"
1 Year,AL MAATHER REIT,9.44,10.1,8.9,9.07,-0.37,-3.92,"13,157,174","444,779.49"
1 Year,BONYAN REIT,9.51,9.85,8.88,9.18,-0.33,-3.47,"18,816,174","534,777.68"
1 Year,SAB,31.80,38,29.9,30.8,-1,-3.14,"463,516,427","62,223,551.90"
1 Year,AMLAK,11.82,14,9.3,11.46,-0.36,-3.05,"83,504,949","850,967.69"
1 Year,ALYAMAMAH STEEL,33.50,41.3,26.5,32.62,-0.88,-2.63,"94,796,799","7,255,083.14"
1 Year,ALINMA HOSPITALITY REIT,8.39,8.59,7.8,8.18,-0.21,-2.50,"46,654,006","874,417.83"
1 Year,ALKHABEER REIT,5.77,6.09,5.51,5.63,-0.14,-2.43,"36,976,392","330,317.68"
1 Year,ALMASAR ALSHAMIL,23.09,24.48,18.33,22.7,-0.39,-1.69,"45,068,494","215,561,846.21"
1 Year,JARIR,13.00,14.56,12,12.79,-0.21,-1.62,"387,330,473","43,204,868.69"
1 Year,JAMJOOM PHARMA,152.80,183.8,134,151.7,-1.1,-0.72,"17,003,270","6,920,875.40"
9 Months,EIC,6.45,12.16,4.89,11.41,4.96,76.90,"991,189,545","39,449,982.45"
9 Months,CENOMI RETAIL,12.64,35.38,10.08,20.12,7.48,59.18,"597,442,729","52,676,898.98"
9 Months,AMAK,54.00,82.7,46.8,81.95,27.95,51.76,"53,411,390","44,150,953.60"
9 Months,ALBABTAIN,45.25,69.85,37.55,68.5,23.25,51.38,"109,834,487","36,060,115.75"
9 Months,RASAN,82.00,122,67.7,118.6,36.6,44.63,"124,827,445","62,388,781.10"
9 Months,MAADEN,43.70,68.45,37.85,59.55,15.85,36.27,"391,290,527","122,924,696.70"
9 Months,BAHRI,23.28,32.5,21.08,29.5,6.22,26.72,"151,165,575","8,004,017.66"
9 Months,MIS,132.60,162.8,118,157.3,24.7,18.63,"10,871,737","9,785,735.10"
9 Months,SENAAT,31.00,48.85,26.3,36.64,5.64,18.19,"130,205,670","17,055,834.42"
9 Months,SEERA,24.02,31.6,20.68,27.58,3.56,14.82,"199,916,769","31,040,950.00"
9 Months,ADVANCED,27.75,38.64,26.8,30.86,3.11,11.21,"126,413,985","7,908,553.38"
9 Months,SAUDI CABLE,123.00,160,107.6,135,12,9.76,"13,592,941","2,803,738.30"
9 Months,ALISTITHMAR REIT,6.67,10.6,5.71,7.3,0.63,9.45,"69,910,321","190,921.68"
9 Months,JADWA REIT SAUDI,9.98,11.38,9.7,10.91,0.93,9.32,"38,623,138","383,073.99"
9 Months,CHERRY,26.40,29.02,25.9,28.86,2.46,9.32,"21,179,200","132,239,708.06"
9 Months,ETIHAD ETISALAT,61.20,69,52.9,66.3,5.1,8.33,"195,099,437","103,972,510.15"
9 Months,ABO MOATI,40.20,53.95,31.6,43,2.8,6.97,"66,292,675","43,416,021.70"
9 Months,SABIC AGRI-NUTRIENTS,108.80,125.7,94.7,116,7.2,6.62,"109,975,233","131,668,743.70"
9 Months,ALMOOSA,157.00,212,126.6,167.2,10.2,6.50,"11,611,716","2,597,456.80"
9 Months,SISCO HOLDING,30.55,38.38,23.5,32.5,1.95,6.38,"86,774,916","5,589,909.08"
9 Months,TASNEE,9.10,11.94,8.53,9.65,0.55,6.04,"395,805,852","9,646,509.07"
9 Months,SNB,35.15,41,31.55,37.22,2.07,5.89,"892,762,028","227,425,065.22"
9 Months,Sahara,16.60,17.48,16.3,17.46,0.86,5.18,"8,347,353","67,130,506.54"
9 Months,SHL,17.24,24.9,15.68,18.01,0.77,4.47,"52,872,908","1,396,344.21"
9 Months,PETRO RABIGH,6.97,9.48,6.26,7.25,0.28,4.02,"761,607,876","19,312,404.27"
9 Months,SAUDI CERAMICS,27.60,34.64,24,28.64,1.04,3.77,"100,609,749","4,327,471.80"
9 Months,AL AZIZIAH REIT,3.97,4.78,3.48,4.11,0.14,3.53,"66,248,076","535,215.36"
9 Months,GO TELECOM,91.70,113.9,80,93.4,1.7,1.85,"58,792,053","33,122,912.40"
9 Months,ANB,21.72,26.26,19.5,22.04,0.32,1.47,"287,745,931","23,597,719.84"
9 Months,ALMAWARID,136.00,157.6,111,137.5,1.5,1.10,"10,918,643","8,719,917.90"
9 Months,DALLAH HEALTH,125.20,157.3,109,126.4,1.2,0.96,"15,900,425","14,761,052.50"
9 Months,ADES,16.94,17.85,12.16,16.97,0.03,0.18,"466,052,359","36,472,953.17"
9 Months,SABB TAKAFUL,11.50,11.98,11.5,11.5,0,0.00,"539,556","6,349,103.58"
9 Months,SAMBA,38.50,39.1,37.8,38.5,0,0.00,"8,954,421","343,828,273.55"
9 Months,ATC,34.00,34.35,33.8,34,0,0.00,"263,305","8,968,049.20"
9 Months,MMG,12.55,12.9,11.8,12.55,0,0.00,"5,310,626","66,213,259.00"
9 Months,METLIFE AIG ANB,14.30,15.4,14.02,14.3,0,0.00,"1,191,763","17,571,429.72"
9 Months,ALAHLIA,14.76,15.02,14.5,14.76,0,0.00,"1,119,353","16,457,121.40"
9 Months,Weqaya Takaful,19.39,19.75,19.15,19.39,0,0.00,"1,694,478","32,930,031.50"
9 Months,PETROCHEM,45.45,46,45.4,45.45,0,0.00,"102,240","4,661,416.70"
9 Months,SOLIDARITY,14.20,14.52,14.16,14.2,0,0.00,"636,038","9,053,258.36"
9 Months,ALKHODARI,5.39,5.76,5.18,5.39,0,0.00,"4,609,164","25,244,810.49"
9 Months,Bishah Agriculture,69.75,81,69.75,69.75,0,0.00,"4,570,725","339,704,400.75"
9 Months,DUR,27.00,27.1,26.4,27,0,0.00,"162,456","4,338,476.30"
9 Months,HCC,11.60,11.7,11.54,11.6,0,0.00,"1,029,618","11,976,960.50"
9 Months,ALINMA TOKIO M,12.80,12.84,12.06,12.8,0,0.00,"765,899","9,519,564.54"
9 Months,SANAD,15.23,17.75,14.75,15.23,0,0.00,"1,572,218","25,722,117.10"
9 Months,ALAWWAL,19.58,19.58,19,19.58,0,0.00,"1,587,561","30,693,634.94"
9 Months,WAFA INSURANCE,9.50,10,9.3,9.5,0,0.00,"915,571","8,767,344.86"
9 Months,UCA,9.37,9.67,3.66,3.67,-5.7,-60.83,"62,966,492","2,742,470.03"
9 Months,GULF GENERAL,10.98,11.24,4.22,4.33,-6.65,-60.56,"65,163,378","733,723.26"
9 Months,NICE ONE,48.10,48.1,19.22,19.4,-28.7,-59.67,"237,991,224","9,867,323.29"
9 Months,NASEEJ,98.20,110.8,42.3,44.2,-54,-54.99,"45,491,342","9,956,616.32"
9 Months,JAHEZ,33.25,35.55,15.23,15.51,-17.74,-53.35,"277,699,879","16,821,105.41"
9 Months,SAUDI GERMAN HEALTH,73.50,74.2,37.66,38,-35.5,-48.30,"65,878,999","37,604,298.26"
9 Months,TANMIAH,121.20,131,59.1,62.8,-58.4,-48.18,"19,327,417","5,060,303.30"
9 Months,ALAKARIA,25.10,26.15,12.77,13.07,-12.03,-47.93,"156,589,372","12,056,631.96"
9 Months,MEDGULF,24.76,25.25,12.8,12.98,-11.78,-47.58,"188,010,822","9,654,184.23"
9 Months,ENTAJ,65.00,72.8,32.9,34.1,-30.9,-47.54,"71,568,771","2,759,033.56"
9 Months,ALAMAR,79.60,79.9,41,42.88,-36.72,-46.13,"21,547,367","2,196,630.34"
9 Months,UCIC,49.25,54.5,26.16,27.12,-22.13,-44.93,"88,819,808","2,914,058.28"
9 Months,SAIC,33.00,34.1,17.75,18.4,-14.6,-44.24,"71,267,266","6,947,818.20"
9 Months,ACWA POWER,336.54,352.02,186.2,192,-144.54,-42.95,"72,897,091","59,521,624.00"
9 Months,ALRAJHI TAKAFUL,151.00,154.6,84,86.9,-64.1,-42.45,"29,058,564","13,385,479.35"
9 Months,SAPTCO,17.90,18.18,10.09,10.31,-7.59,-42.40,"87,382,610","2,139,511.76"
9 Months,WALAA,20.46,22.9,10.8,11.8,-8.66,-42.33,"151,090,417","8,020,237.39"
9 Months,JABAL OMAR,26.10,26.5,14.83,15.27,-10.83,-41.49,"742,751,687","31,886,840.39"
9 Months,ALETIHAD,15.02,15.76,8.38,8.8,-6.22,-41.41,"25,739,816","439,276.62"
9 Months,WATANIYA,22.20,23.4,12.87,13.04,-9.16,-41.26,"46,335,837","2,325,571.82"
9 Months,RAYDAN,45.85,46.37,26,26.96,-18.89,-41.20,"15,179,559","831,286.74"
9 Months,BANAN,6.67,6.98,3.86,3.95,-2.72,-40.78,"61,654,068","471,718.74"
9 Months,ACIG,15.04,16.98,8.75,8.94,-6.1,-40.56,"84,116,115","2,436,532.45"
9 Months,SAUDI DARB,4.00,4.34,2.3,2.4,-1.6,-40.00,"1,431,779,678","4,122,915.91"
9 Months,SFICO,115.40,120,67.95,69.85,-45.55,-39.47,"15,307,359","7,128,462.00"
9 Months,ALMUNAJEM,91.30,92.3,53,55.35,-35.95,-39.38,"29,074,042","5,666,203.85"
9 Months,JOUF CEMENT,11.04,11.1,6.39,6.75,-4.29,-38.86,"57,836,853","956,613.11"
9 Months,SALAMA,16.16,16.72,9.78,9.9,-6.26,-38.74,"41,837,343","1,786,218.77"
9 Months,YC,38.20,40.55,22.59,23.63,-14.57,-38.14,"69,352,565","9,998,084.12"
9 Months,ARABIAN SHIELD,19.60,19.82,11.25,12.14,-7.46,-38.06,"39,395,419","698,053.17"
9 Months,MESC,38.50,41.05,22.28,23.97,-14.53,-37.74,"89,687,445","12,776,433.72"
9 Months,CITY CEMENT,20.54,21.88,12.56,12.88,-7.66,-37.29,"51,033,983","1,833,296.64"
9 Months,ENAYA,12.10,12.1,7.31,7.59,-4.51,-37.27,"39,330,110","530,388.85"
9 Months,SVCP,36.90,37.5,21.95,23.3,-13.6,-36.86,"6,838,611","1,312,934.43"
9 Months,TADCO,13.68,14.02,8.22,8.66,-5.02,-36.70,"22,516,501","727,995.39"
9 Months,CHEMANOL,14.24,14.7,8.59,9.06,-5.18,-36.38,"68,034,352","1,097,482.12"
9 Months,CATRION,129.60,132,80.9,82.5,-47.1,-36.34,"25,092,862","12,727,471.80"
9 Months,WAFRAH,35.10,35.9,21.67,22.5,-12.6,-35.90,"18,255,127","1,580,799.83"
9 Months,AMANA INSURANCE,9.92,10.12,6,6.37,-3.55,-35.79,"41,385,973","1,088,606.86"
9 Months,APC,7.94,8.54,4.93,5.11,-2.83,-35.64,"592,417,618","15,535,470.30"
9 Months,ANAAM HOLDING,19.32,20,12.25,12.69,-6.63,-34.32,"116,607,008","2,918,138.66"
9 Months,TAPRCO,28.11,31,18.33,18.47,-9.64,-34.29,"36,355,082","3,034,574.89"
9 Months,SSP,63.80,65.4,39.8,42,-21.8,-34.17,"39,848,742","9,685,806.94"
9 Months,A.OTHAIM MARKET,10.00,10.1,6.6,6.61,-3.39,-33.90,"300,635,311","15,143,276.32"
9 Months,RIYADH CEMENT,36.65,37.25,22.98,24.4,-12.25,-33.42,"47,932,021","5,195,715.35"
9 Months,UACC,19.10,20.34,12.29,12.75,-6.35,-33.25,"17,398,547","444,825.26"
9 Months,MBC GROUP,47.45,49.7,27.56,31.7,-15.75,-33.19,"270,357,421","8,049,323.76"
9 Months,RAOOM,87.00,93.8,54,58.25,-28.75,-33.05,"8,515,790","746,573.35"
9 Months,HB,50.00,51.6,32.9,33.76,-16.24,-32.48,"15,472,361","1,426,691.36"
9 Months,TCC,13.98,13.98,9.36,9.45,-4.53,-32.40,"36,954,090","948,622.58"
9 Months,TAIBA,50.90,51.1,32.85,34.58,-16.32,-32.06,"56,288,691","2,177,306.24"
9 Months,FARM SUPERSTORES,21.42,21.94,14.04,14.6,-6.82,-31.84,"16,028,348","732,276.85"
9 Months,YCC,22.56,23.94,15.18,15.38,-7.18,-31.83,"65,824,087","4,074,400.16"
9 Months,FAKEEH CARE,54.20,56.9,36.68,37.02,-17.18,-31.70,"76,131,365","6,469,121.52"
9 Months,LIVA,16.98,17.06,10.9,11.7,-5.28,-31.10,"26,381,560","424,492.90"
9 Months,TAKWEEN,9.36,9.65,6.15,6.45,-2.91,-31.09,"47,370,146","540,780.71"
9 Months,ALANDALUS,26.00,26.25,16.7,17.95,-8.05,-30.96,"13,154,269","495,322.97"
9 Months,JAZADCO,13.06,13.2,8.85,9.04,-4.02,-30.78,"24,831,466","343,270.43"
9 Months,BATIC,3.00,3.07,1.96,2.09,-0.91,-30.33,"1,785,726,587","7,848,399.52"
9 Months,SAVOLA GROUP,34.85,35.8,22.52,24.3,-10.55,-30.27,"150,137,622","23,093,240.97"
9 Months,SPCC,31.80,34.3,21.95,22.21,-9.59,-30.16,"15,171,487","2,186,097.03"
9 Months,SINAD HOLDING,13.44,14.28,9.07,9.42,-4.02,-29.91,"50,637,846","1,005,589.09"
9 Months,CHUBB,35.66,35.89,21.98,25,-10.66,-29.89,"51,119,697","4,558,629.35"
9 Months,AMIANTIT,24.20,25,16.55,17,-7.2,-29.75,"98,068,657","3,713,698.74"
9 Months,EPCCO,33.70,36.4,23,23.7,-10,-29.67,"26,650,289","2,375,726.09"
9 Months,ALHAMMADI,40.90,42.2,28.72,28.78,-12.12,-29.63,"60,575,210","15,680,674.22"
9 Months,FITAIHI GROUP,4.11,4.44,2.85,2.93,-1.18,-28.71,"398,739,893","2,840,782.44"
9 Months,OBEIKAN GLASS,37.00,41.6,24.59,26.6,-10.4,-28.11,"25,290,755","10,197,231.14"
9 Months,EMAAR EC,15.84,16.06,10.72,11.39,-4.45,-28.09,"45,468,633","3,240,714.30"
9 Months,2P,12.29,12.51,8.45,8.84,-3.45,-28.07,"105,364,919","2,039,602.75"
9 Months,OASIS,3.12,3.23,2.18,2.26,-0.86,-27.56,"125,349,757","1,469,732.88"
9 Months,BINDAWOOD,6.60,6.69,4.54,4.8,-1.8,-27.27,"153,964,051","4,053,059.36"
9 Months,BURGERIZZR,19.72,20.7,14.15,14.38,-5.34,-27.08,"69,699,159","2,360,003.89"
9 Months,ALKHALEEJ TRNG,28.90,30.55,20.24,21.09,-7.81,-27.02,"47,695,702","4,146,523.42"
9 Months,SPPC,11.44,13.88,8,8.36,-3.08,-26.92,"86,565,791","2,739,137.22"
9 Months,RED SEA,49.50,51.9,32.1,36.2,-13.3,-26.87,"97,147,970","7,303,603.96"
9 Months,SIDC,17.44,22.98,12.59,12.76,-4.68,-26.83,"58,517,512","4,827,759.80"
9 Months,SHARQIYAH DEV,19.40,19.66,13.85,14.2,-5.2,-26.80,"33,997,364","944,966.35"
9 Months,ALSAGR INSURANCE,14.32,15.6,10.1,10.57,-3.75,-26.19,"69,685,147","3,599,270.17"
9 Months,ARAB SEA,6.03,6.3,4.31,4.46,-1.57,-26.04,"136,919,043","1,679,428.49"
9 Months,AMERICANA,2.42,2.44,1.76,1.79,-0.63,-26.03,"5,472,732,615","60,311,144.99"
9 Months,GULF UNION ALAHLIA,15.42,15.94,10.86,11.41,-4.01,-26.01,"26,232,191","549,837.43"
9 Months,FIPCO,41.30,41.6,29.7,30.6,-10.7,-25.91,"11,283,374","845,831.50"
9 Months,LUMI,71.10,72.9,51.55,52.7,-18.4,-25.88,"26,441,221","3,236,914.55"
9 Months,SOLUTIONS,306.20,319,219.9,227.2,-79,-25.80,"21,757,558","18,276,313.30"
9 Months,NADEC,24.76,25.3,18.02,18.42,-6.34,-25.61,"180,147,975","20,528,150.30"
9 Months,SUMOU,48.10,51.1,34.75,35.8,-12.3,-25.57,"33,522,499","2,949,723.82"
9 Months,TALCO,49.85,51,32.88,37.14,-12.71,-25.50,"20,408,040","1,391,349.82"
9 Months,BUILD STATION,80.80,93,56.95,60.3,-20.5,-25.37,"28,497,004","6,637,875.30"
9 Months,SIPCHEM,21.26,22.12,15.91,15.91,-5.35,-25.16,"340,896,731","35,440,213.35"
9 Months,LEEJAM SPORTS,152.20,160,111.2,114.1,-38.1,-25.03,"23,217,492","5,377,465.30"
9 Months,ASTRA INDUSTRIAL,178.40,180.4,125.6,133.8,-44.6,-25.00,"21,761,965","8,411,907.80"
9 Months,HERFY FOODS,21.26,26.75,15.61,15.95,-5.31,-24.98,"46,063,306","4,886,789.25"
9 Months,SAICO,16.16,16.66,11.84,12.13,-4.03,-24.94,"23,499,285","700,157.76"
9 Months,ZOUJAJ,49.70,50.6,36.12,37.44,-12.26,-24.67,"38,607,076","3,055,819.36"
9 Months,TECO,16.60,24.4,12.14,12.52,-4.08,-24.58,"370,392,034","8,223,592.63"
9 Months,DERAYAH,39.00,43.9,23.04,29.56,-9.44,-24.21,"210,097,644","14,382,126.68"
9 Months,SRMG,189.20,202.1,136.2,144,-45.2,-23.89,"15,141,233","9,722,311.30"
9 Months,MEPCO,30.95,31.85,23.19,23.6,-7.35,-23.75,"67,312,196","7,918,539.38"
9 Months,EQUIPMENT HOUSE,43.90,45.9,31.66,33.88,-10.02,-22.82,"11,406,510","11,580,809.66"
9 Months,MCDC,110.00,113.4,67.95,84.95,-25.05,-22.77,"45,926,470","8,261,021.10"
9 Months,ALMAJDIAH,13.83,14.46,9.97,10.69,-3.14,-22.70,"185,448,674","4,913,765.64"
9 Months,JAZIRA TAKAFUL,15.00,15.5,11.28,11.6,-3.4,-22.67,"17,736,059","1,288,918.23"
9 Months,ARDCO,32.80,36.2,24.88,25.38,-7.42,-22.62,"41,674,350","2,673,404.84"
9 Months,SADAFCO,308.00,317.4,237,238.5,-69.5,-22.56,"5,307,936","4,863,039.10"
9 Months,ALDAWAA,70.30,87.3,54,54.9,-15.4,-21.91,"28,321,999","11,358,978.70"
9 Months,AICC,12.64,13.06,9.7,9.91,-2.73,-21.60,"21,612,791","111,825.83"
9 Months,MALATH INSURANCE,13.02,14.8,10.13,10.21,-2.81,-21.58,"40,167,767","1,556,761.68"
9 Months,ALOMRAN,34.30,36,24.94,26.9,-7.4,-21.57,"11,598,322","880,191.52"
9 Months,ALMARAI,56.30,57.6,43.5,44.2,-12.1,-21.49,"154,672,075","21,096,509.66"
9 Months,NGC,20.90,24,15.6,16.44,-4.46,-21.34,"30,339,005","3,197,256.42"
9 Months,ALJOUF,53.30,54,40.65,42,-11.3,-21.20,"24,252,942","1,546,246.16"
9 Months,SMC HEALTHCARE,24.16,25,17.62,19.04,-5.12,-21.19,"140,340,503","22,725,111.00"
9 Months,MUTAKAMELA,15.08,17.84,11.47,11.89,-3.19,-21.15,"20,867,683","1,084,076.53"
9 Months,SMASCO,6.90,7.16,5.26,5.45,-1.45,-21.01,"321,521,874","6,448,584.83"
9 Months,SIECO,2.38,2.63,1.77,1.88,-0.5,-21.01,"393,924,246","4,246,584.42"
9 Months,SHAKER,29.15,31.55,22.9,23.05,-6.1,-20.93,"53,931,382","5,610,436.57"
9 Months,ELM,987.00,1090,745,781.5,-205.5,-20.82,"14,158,174","52,182,766.00"
9 Months,TADAWUL GROUP,209.00,215,158.7,165.7,-43.3,-20.72,"24,099,311","54,298,250.60"
9 Months,MODERN MILLS,39.80,41.05,29.6,31.6,-8.2,-20.60,"16,049,672","1,130,600.20"
9 Months,MARAFIQ,48.50,50.3,36.5,38.56,-9.94,-20.49,"63,352,551","4,623,220.00"
9 Months,JADWA REIT ALHARAMAIN,6.16,6.78,4.8,4.9,-1.26,-20.45,"20,279,283","149,940.83"
9 Months,BAAN,2.35,2.69,1.77,1.87,-0.48,-20.43,"734,606,440","2,569,941.77"
9 Months,SGS,49.75,53.5,38.98,39.6,-10.15,-20.40,"70,611,560","22,346,696.64"
9 Months,RETAL,15.40,18.24,10.88,12.26,-3.14,-20.39,"223,649,104","20,327,852.30"
9 Months,BJAZ,14.28,14.3,11.14,11.39,-2.89,-20.24,"545,475,827","48,075,892.75"
9 Months,SIIG,16.89,20,13.43,13.48,-3.41,-20.19,"195,782,733","11,963,065.41"
9 Months,SEDCO CAPITAL REIT,7.69,7.77,6.14,6.15,-1.54,-20.03,"33,863,460","6,217,613.08"
9 Months,SARCO,68.30,73,52.5,54.7,-13.6,-19.91,"20,311,422","2,886,233.40"
9 Months,ALARABIA,146.00,146.4,79.7,117.5,-28.5,-19.52,"52,033,336","11,646,640.50"
9 Months,ARABIAN MILLS,48.40,49,37,38.96,-9.44,-19.50,"22,175,508","1,464,376.90"
9 Months,NAJRAN CEMENT,8.49,9,6.8,6.84,-1.65,-19.43,"58,427,000","2,483,483.92"
9 Months,ASLAK,26.85,28,19.84,21.64,-5.21,-19.40,"12,809,629","647,960.97"
9 Months,ALINMA,30.15,31.3,23.94,24.32,-5.83,-19.34,"1,124,108,889","137,828,002.89"
9 Months,AYYAN,17.00,17.32,11.4,13.72,-3.28,-19.29,"72,932,790","11,407,116.80"
9 Months,RIYAD REIT,6.26,6.38,4.95,5.08,-1.18,-18.85,"30,667,575","508,925.36"
9 Months,NORTHERN CEMENT,9.11,9.3,7.22,7.42,-1.69,-18.55,"64,905,164","1,242,048.01"
9 Months,THEEB,71.60,74,57.25,58.35,-13.25,-18.51,"16,159,917","3,475,146.65"
9 Months,FIRST MILLS,60.80,62.8,46.86,49.74,-11.06,-18.19,"11,586,045","1,180,677.34"
9 Months,QACCO,51.60,54.3,40.5,42.48,-9.12,-17.67,"34,405,593","10,362,580.54"
9 Months,NAMA CHEMICALS,28.00,31.85,23,23.12,-4.88,-17.43,"10,672,404","1,318,426.59"
9 Months,FLYNAS,77.30,84.1,60.25,63.95,-13.35,-17.27,"131,861,862","49,634,963.30"
9 Months,ALBILAD,31.29,31.88,23.38,25.9,-5.39,-17.23,"321,091,949","28,801,409.62"
9 Months,ALSAIF GALLERY,7.80,8,6.41,6.46,-1.34,-17.18,"64,864,998","871,310.96"
9 Months,CHEMICAL,8.60,9.3,6.06,7.14,-1.46,-16.98,"1,040,548,395","35,854,228.11"
9 Months,ACC,25.45,27.25,20.43,21.14,-4.31,-16.94,"35,639,776","1,729,937.55"
9 Months,BURUJ,19.22,21.18,14.62,16.01,-3.21,-16.70,"12,483,687","1,872,712.11"
9 Months,GASCO,96.60,101,65.8,80.8,-15.8,-16.36,"14,795,067","4,005,339.50"
9 Months,SASCO,70.00,73.45,49.02,58.6,-11.4,-16.29,"42,257,151","9,315,859.85"
9 Months,MOUWASAT,83.50,84.8,65.6,70.25,-13.25,-15.87,"99,513,264","22,420,599.55"
9 Months,ALASEEL,3.97,4.3,3.3,3.35,-0.62,-15.62,"131,183,668","2,027,256.51"
9 Months,GIG,27.70,28.35,22.04,23.4,-4.3,-15.52,"20,950,598","1,421,313.71"
9 Months,TAWUNIYA,141.00,161,114.2,119.3,-21.7,-15.39,"67,270,467","46,870,452.40"
9 Months,BUDGET SAUDI,77.00,83.4,64,65.15,-11.85,-15.39,"37,698,246","18,579,565.90"
9 Months,ALKATHIRI,2.35,2.52,1.86,1.99,-0.36,-15.32,"311,822,859","1,880,204.67"
9 Months,AZM,28.60,31.7,22.67,24.22,-4.38,-15.31,"22,584,118","10,218,319.64"
9 Months,SAL,203.00,212.4,156,172.1,-30.9,-15.22,"34,288,581","27,774,652.80"
9 Months,ARTEX,13.34,14.78,11.1,11.34,-2,-14.99,"19,782,079","2,165,845.38"
9 Months,GAS,16.24,17.99,13.52,13.86,-2.38,-14.66,"15,832,702","523,929.57"
9 Months,SAB,36.00,38,29.9,30.8,-5.2,-14.44,"342,911,014","62,223,551.90"
9 Months,SAUDI ELECTRICITY,16.46,16.64,13.72,14.14,-2.32,-14.09,"295,714,938","11,706,858.94"
9 Months,CMCER,8.25,9.14,6.95,7.1,-1.15,-13.94,"81,454,692","3,438,006.59"
9 Months,RIBL,30.00,33.2,25.3,25.84,-4.16,-13.87,"402,519,074","71,062,601.46"
9 Months,ALJAZIRA REIT,14.36,16.48,11.92,12.37,-1.99,-13.86,"17,639,872","175,094.48"
9 Months,MIAHONA,22.38,28.14,16.62,19.31,-3.07,-13.72,"240,549,378","5,156,670.96"
9 Months,AWPT,159.80,172.4,122.9,138,-21.8,-13.64,"12,685,895","5,232,602.30"
9 Months,CARE,167.00,183.5,139.2,144.5,-22.5,-13.47,"17,416,196","21,795,953.50"
9 Months,NAHDI,115.80,132.1,95.6,100.3,-15.5,-13.39,"45,154,767","35,033,731.45"
9 Months,SAUDI CEMENT,41.80,46.7,35.4,36.22,-5.58,-13.35,"34,197,671","4,807,279.90"
9 Months,ATAA,68.40,75.8,58,59.4,-9,-13.16,"7,345,339","1,766,133.30"
9 Months,BUPA ARABIA,165.80,186.2,140.6,144,-21.8,-13.15,"28,659,179","11,685,178.90"
9 Months,KEC,13.80,15.78,11.62,12.02,-1.78,-12.90,"74,158,825","567,519.05"
9 Months,THIMAR,44.10,50.85,31.72,38.66,-5.44,-12.34,"61,619,328","4,016,695.44"
9 Months,DAR ALARKAN,18.06,23.94,15,15.9,-2.16,-11.96,"323,939,688","15,938,210.94"
9 Months,SACO,30.65,34.8,25.3,27.06,-3.59,-11.71,"24,668,726","2,880,853.82"
9 Months,KINGDOM,8.90,9.35,7.03,7.87,-1.03,-11.57,"91,572,260","3,608,491.33"
9 Months,SAUDI RE,31.45,37.25,25.45,27.9,-3.55,-11.29,"184,341,556","16,754,810.10"
9 Months,MEFIC REIT,3.93,4.11,3.4,3.49,-0.44,-11.20,"33,645,443","275,044.29"
9 Months,SABIC,61.80,65.8,53,54.95,-6.85,-11.08,"320,856,479","46,760,160.10"
9 Months,ALAHLI REIT 1,7.17,7.35,6.05,6.38,-0.79,-11.02,"12,073,324","274,892.80"
9 Months,LAZURDE,13.36,14.4,11.44,11.89,-1.47,-11.00,"48,194,251","1,175,552.05"
9 Months,MRNA,11.18,12.73,9.88,9.96,-1.22,-10.91,"26,055,074","1,718,215.33"
9 Months,AMLAK,12.86,13.9,9.3,11.46,-1.4,-10.89,"73,926,601","850,967.69"
9 Months,MAADANIYAH,15.84,18.5,12.52,14.14,-1.7,-10.73,"45,960,537","1,792,795.72"
9 Months,YANSAB,34.05,37.28,28.25,30.42,-3.63,-10.66,"87,815,832","7,562,172.08"
9 Months,GACO,18.24,19.55,15.12,16.35,-1.89,-10.36,"18,689,044","170,058.96"
9 Months,SADR,3.09,3.21,2.58,2.77,-0.32,-10.36,"276,364,953","2,111,804.93"
9 Months,NCLE,165.20,183,138.2,148.9,-16.3,-9.87,"5,923,673","2,168,238.00"
9 Months,SPM,63.00,72.2,48.3,56.9,-6.1,-9.68,"27,051,363","10,274,115.30"
9 Months,NAQI,60.60,61.4,49.06,54.85,-5.75,-9.49,"6,090,212","2,708,640.40"
9 Months,NAYIFAT,13.86,14.26,11.54,12.57,-1.29,-9.31,"52,054,011","738,361.02"
9 Months,SAIB,14.40,15.28,12.85,13.07,-1.33,-9.24,"111,034,052","2,616,614.57"
9 Months,SAUDI KAYAN,5.78,6.41,4.46,5.25,-0.53,-9.17,"1,063,223,875","10,826,954.02"
9 Months,EAST PIPES,149.20,157.6,100.2,135.6,-13.6,-9.12,"30,159,471","11,891,788.70"
9 Months,AVALON PHARMA,133.00,139,108,120.9,-12.1,-9.10,"6,115,232","2,818,152.80"
9 Months,BCI,28.85,29.6,24.52,26.3,-2.55,-8.84,"7,705,833","747,203.74"
9 Months,EXTRA,97.10,98,83.4,88.55,-8.55,-8.81,"46,736,920","13,514,750.60"
9 Months,ALUJAIN,32.30,40.05,29.5,29.5,-2.8,-8.67,"52,765,741","8,702,387.42"
9 Months,MULKIA REIT,5.08,5.52,4.45,4.64,-0.44,-8.66,"21,173,217","121,165.58"
9 Months,SAUDI ARAMCO,26.55,26.95,23.04,24.52,-2.03,-7.65,"2,300,184,645","148,412,361.53"
9 Months,SPORT CLUBS,9.30,13.46,7.59,8.62,-0.68,-7.31,"1,013,669,337","13,679,984.22"
9 Months,STC,45.65,48.3,40.7,42.32,-3.33,-7.29,"668,499,807","123,666,477.30"
9 Months,LUBEREF,102.00,108,81.3,94.7,-7.3,-7.16,"49,060,944","39,230,020.60"
9 Months,SULAIMAN ALHABIB,270.00,290.6,227.7,251.2,-18.8,-6.96,"36,503,777","61,595,256.40"
9 Months,DWF,120.60,149.7,93,112.3,-8.3,-6.88,"9,270,054","6,153,708.70"
9 Months,MUSHARAKA REIT,4.43,5.06,3.99,4.13,-0.3,-6.77,"24,835,674","365,209.81"
9 Months,FOURTH MILLING,3.99,4.23,3.34,3.74,-0.25,-6.27,"278,502,478","1,389,552.24"
9 Months,BAWAN,52.70,61.85,42.25,49.66,-3.04,-5.77,"36,583,832","9,241,758.96"
9 Months,MASAR,19.50,26.98,16.5,18.42,-1.08,-5.54,"766,614,673","44,257,208.40"
9 Months,BSF,17.20,18.94,15.49,16.25,-0.95,-5.52,"419,014,968","88,737,278.14"
9 Months,MAHARAH,6.09,6.3,4.39,5.76,-0.33,-5.42,"431,882,735","46,083,430.26"
9 Months,JAMJOOM PHARMA,159.80,183.8,134,151.7,-8.1,-5.07,"11,973,673","6,920,875.40"
9 Months,ALRAJHI,101.00,113,87.8,96,-5,-4.95,"663,368,961","360,566,949.15"
9 Months,ALDREES,135.00,154.1,109.6,128.5,-6.5,-4.81,"58,304,487","25,075,628.80"
9 Months,SPIMACO,28.95,31.06,20.94,27.7,-1.25,-4.32,"80,229,106","3,702,159.50"
9 Months,ALMAJED OUD,142.80,152.8,106.4,138,-4.8,-3.36,"23,907,648","5,284,182.90"
9 Months,CENOMI CENTERS,20.58,23.52,18.32,19.9,-0.68,-3.30,"255,532,421","24,439,216.72"
9 Months,ALINMA RETAIL REIT,4.56,4.92,4.31,4.41,-0.15,-3.29,"30,015,749","2,428,145.84"
9 Months,DERAYAH REIT,5.59,5.95,5.04,5.41,-0.18,-3.22,"23,366,453","182,209.79"
9 Months,BAAZEEM,6.38,7.1,4.84,6.18,-0.2,-3.13,"77,555,693","1,010,890.15"
9 Months,BONYAN REIT,9.44,9.69,8.88,9.18,-0.26,-2.75,"15,526,441","534,777.68"
9 Months,RIYADH CABLES,129.40,147.7,105.4,126.5,-2.9,-2.24,"45,525,664","25,340,532.10"
9 Months,ALYAMAMAH STEEL,33.35,39.5,26.5,32.62,-0.73,-2.19,"63,824,817","7,255,083.14"
9 Months,Al RAJHI REIT,8.25,8.56,8.03,8.08,-0.17,-2.06,"39,195,836","1,996,590.80"
9 Months,ALMASAR ALSHAMIL,23.09,24.48,18.33,22.7,-0.39,-1.69,"45,068,494","215,561,846.21"
9 Months,TASHEEL,161.80,181.2,143,159.2,-2.6,-1.61,"10,037,963","6,685,394.10"
9 Months,TAMKEEN,52.60,62.9,46.8,51.9,-0.7,-1.33,"29,142,748","4,443,463.60"
9 Months,ZAIN KSA,10.90,13.36,10.02,10.78,-0.12,-1.10,"640,329,992","10,344,070.10"
9 Months,ARABIAN DRILLING,92.90,96.95,72,91.95,-0.95,-1.02,"47,804,138","17,625,795.90"
9 Months,ALKHABEER REIT,5.68,6.09,5.51,5.63,-0.05,-0.88,"27,729,206","330,317.68"
9 Months,TALEEM REIT,10.08,11.04,9.21,10.03,-0.05,-0.50,"14,155,286","386,773.43"
9 Months,JARIR,12.84,14.56,12,12.79,-0.05,-0.39,"290,913,143","43,204,868.69"
9 Months,ALINMA HOSPITALITY REIT,8.21,8.5,7.8,8.18,-0.03,-0.37,"28,472,326","874,417.83"
9 Months,AL MAATHER REIT,9.09,10.1,8.93,9.07,-0.02,-0.22,"10,303,841","444,779.49"
6 Months,EIC,7.81,12.16,6.86,11.41,3.6,46.09,"608,589,599","39,449,982.45"
6 Months,RASAN,83.20,122,74.1,118.6,35.4,42.55,"60,897,386","62,388,781.10"
6 Months,AMAK,61.30,82.7,53.5,81.95,20.65,33.69,"37,559,713","44,150,953.60"
6 Months,ALBABTAIN,53.10,69.85,46.55,68.5,15.4,29.00,"64,546,656","36,060,115.75"
6 Months,ADES,13.48,17.85,12.16,16.97,3.49,25.89,"346,466,050","36,472,953.17"
6 Months,BAHRI,24.76,32.5,21.08,29.5,4.74,19.14,"86,979,014","8,004,017.66"
6 Months,SEERA,23.28,31.6,20.68,27.58,4.3,18.47,"118,709,428","31,040,950.00"
6 Months,SABIC AGRI-NUTRIENTS,98.50,125.7,95,116,17.5,17.77,"78,157,703","131,668,743.70"
6 Months,ABO MOATI,36.90,53.95,31.6,43,6.1,16.53,"50,084,529","43,416,021.70"
6 Months,EAST PIPES,117.00,146.6,100.2,135.6,18.6,15.90,"21,716,287","11,891,788.70"
6 Months,MAADEN,52.00,68.45,46.8,59.55,7.55,14.52,"222,943,010","122,924,696.70"
6 Months,ETIHAD ETISALAT,58.00,69,54.6,66.3,8.3,14.31,"124,924,936","103,972,510.15"
6 Months,DERAYAH,26.00,32,23.04,29.56,3.56,13.69,"71,900,109","14,382,126.68"
6 Months,MAHARAH,5.07,5.84,4.39,5.76,0.69,13.61,"307,570,488","46,083,430.26"
6 Months,ARABIAN DRILLING,81.80,96.95,72,91.95,10.15,12.41,"33,969,592","17,625,795.90"
6 Months,BAAZEEM,5.50,7.1,4.84,6.18,0.68,12.36,"59,569,981","1,010,890.15"
6 Months,MIS,140.80,162.8,125,157.3,16.5,11.72,"6,710,011","9,785,735.10"
6 Months,SISCO HOLDING,29.15,38.38,23.5,32.5,3.35,11.49,"66,330,997","5,589,909.08"
6 Months,ALARABIA,106.60,124.5,79.7,117.5,10.9,10.23,"34,206,030","11,646,640.50"
6 Months,CHERRY,26.40,29.02,25.9,28.86,2.46,9.32,"21,179,200","132,239,708.06"
6 Months,SPIMACO,25.50,31.06,21.76,27.7,2.2,8.63,"45,368,255","3,702,159.50"
6 Months,AMLAK,10.56,13.9,9.3,11.46,0.9,8.52,"65,705,919","850,967.69"
6 Months,JADWA REIT SAUDI,10.08,11.38,9.8,10.91,0.83,8.23,"23,484,682","383,073.99"
6 Months,ALMOOSA,156.20,212,143,167.2,11,7.04,"6,040,942","2,597,456.80"
6 Months,GASCO,75.70,90,65.8,80.8,5.1,6.74,"9,178,689","4,005,339.50"
6 Months,SNB,35.00,41,33.3,37.22,2.22,6.34,"561,104,510","227,425,065.22"
6 Months,SAUDI KAYAN,4.96,6.41,4.46,5.25,0.29,5.85,"891,210,500","10,826,954.02"
6 Months,ANB,20.90,26.26,20.2,22.04,1.14,5.45,"187,742,696","23,597,719.84"
6 Months,DALLAH HEALTH,120.60,157.3,109,126.4,5.8,4.81,"8,376,491","14,761,052.50"
6 Months,SAMBA,36.80,39.1,36.5,38.5,1.7,4.62,"10,917,458","343,828,273.55"
6 Months,ADVANCED,29.50,38.64,27.7,30.86,1.36,4.61,"80,315,545","7,908,553.38"
6 Months,ALYAMAMAH STEEL,31.20,39.5,26.5,32.62,1.42,4.55,"45,727,173","7,255,083.14"
6 Months,TASNEE,9.25,11.94,8.57,9.65,0.4,4.32,"242,925,413","9,646,509.07"
6 Months,ALDREES,123.20,154.1,109.6,128.5,5.3,4.30,"39,859,450","25,075,628.80"
6 Months,DWF,107.80,149.7,93,112.3,4.5,4.17,"6,865,599","6,153,708.70"
6 Months,PETRO RABIGH,7.00,9.48,6.26,7.25,0.25,3.57,"711,314,968","19,312,404.27"
6 Months,YANSAB,29.50,37.28,28.25,30.42,0.92,3.12,"58,217,130","7,562,172.08"
6 Months,ALRAJHI,93.70,113,88.1,96,2.3,2.45,"417,270,607","360,566,949.15"
6 Months,CENOMI CENTERS,19.44,23.52,18.32,19.9,0.46,2.37,"197,841,567","24,439,216.72"
6 Months,JARIR,12.50,14.56,12,12.79,0.29,2.32,"194,134,786","43,204,868.69"
6 Months,MAADANIYAH,13.82,18.5,12.54,14.14,0.32,2.32,"38,416,740","1,792,795.72"
6 Months,NAQI,53.70,57.55,49.06,54.85,1.15,2.14,"4,209,789","2,708,640.40"
6 Months,CENOMI RETAIL,19.70,35.38,18,20.12,0.42,2.13,"482,823,681","52,676,898.98"
6 Months,THIMAR,37.90,50.85,31.72,38.66,0.76,2.01,"52,314,425","4,016,695.44"
6 Months,SHL,17.78,24.9,15.7,18.01,0.23,1.29,"46,726,270","1,396,344.21"
6 Months,Sahara,17.26,17.48,16.7,17.46,0.2,1.16,"6,375,356","67,130,506.54"
6 Months,TALEEM REIT,9.93,10.55,9.21,10.03,0.1,1.01,"7,376,204","386,773.43"
6 Months,AYYAN,13.60,14.6,11.4,13.72,0.12,0.88,"53,608,927","11,407,116.80"
6 Months,BONYAN REIT,9.10,9.69,8.88,9.18,0.08,0.88,"10,496,772","534,777.68"
6 Months,BCI,26.15,29.16,24.52,26.3,0.15,0.57,"4,907,256","747,203.74"
6 Months,SAUDI CERAMICS,28.55,34.64,24,28.64,0.09,0.32,"60,266,861","4,327,471.80"
6 Months,ALBILAD,25.85,30.16,23.38,25.9,0.05,0.19,"202,390,783","28,801,409.62"
6 Months,WAFA Insurance,9.50,10,9.3,9.5,0,0.00,"915,571","8,767,344.86"
6 Months,ALAWWAL,19.58,19.58,19,19.58,0,0.00,"1,587,561","30,693,634.94"
6 Months,MMG,12.55,12.9,11.8,12.55,0,0.00,"5,310,626","66,213,259.00"
6 Months,METLIFE AIG ANB,14.30,15.4,14.02,14.3,0,0.00,"1,191,763","17,571,429.72"
6 Months,SANAD,15.23,17.75,14.75,15.23,0,0.00,"1,572,218","25,722,117.10"
6 Months,ALAHLIA,14.76,15.02,14.5,14.76,0,0.00,"1,119,353","16,457,121.40"
6 Months,PETROCHEM,45.45,46,45.4,45.45,0,0.00,"102,240","4,661,416.70"
6 Months,SOLIDARITY,14.20,14.52,14.16,14.2,0,0.00,"636,038","9,053,258.36"
6 Months,Weqaya Takaful,19.39,19.75,19.15,19.39,0,0.00,"1,694,478","32,930,031.50"
6 Months,ALKHODARI,5.39,5.76,5.18,5.39,0,0.00,"4,609,164","25,244,810.49"
6 Months,DUR,27.00,27.1,26.4,27,0,0.00,"162,456","4,338,476.30"
6 Months,Bishah Agriculture,69.75,81,69.75,69.75,0,0.00,"4,570,725","339,704,400.75"
6 Months,HCC,11.60,11.7,11.54,11.6,0,0.00,"1,029,618","11,976,960.50"
6 Months,ALINMA TOKIO M,12.80,12.84,12.06,12.8,0,0.00,"765,899","9,519,564.54"
6 Months,SABB TAKAFUL,11.50,11.98,11.5,11.5,0,0.00,"539,556","6,349,103.58"
6 Months,ATC,34.00,34.35,33.25,34,0,0.00,"871,494","8,968,049.20"
6 Months,UCA,7.23,7.61,3.66,3.67,-3.56,-49.24,"48,518,684","2,742,470.03"
6 Months,NASEEJ,82.90,110.8,42.3,44.2,-38.7,-46.68,"38,828,946","9,956,616.32"
6 Months,JAHEZ,27.45,28.46,15.23,15.51,-11.94,-43.50,"179,097,165","16,821,105.41"
6 Months,NICE ONE,32.90,35.28,19.22,19.4,-13.5,-41.03,"102,218,366","9,867,323.29"
6 Months,ALETIHAD,13.90,14.27,8.38,8.8,-5.1,-36.69,"12,488,218","439,276.62"
6 Months,ALAKARIA,20.40,21.07,12.77,13.07,-7.33,-35.93,"116,880,709","12,056,631.96"
6 Months,TANMIAH,97.10,98.9,59.1,62.8,-34.3,-35.32,"11,090,591","5,060,303.30"
6 Months,SAUDI GERMAN HEALTH,57.80,60.7,37.66,38,-19.8,-34.26,"45,232,834","37,604,298.26"
6 Months,MEDGULF,19.54,20.75,12.8,12.98,-6.56,-33.57,"144,967,008","9,654,184.23"
6 Months,SAUDI DARB,3.61,3.69,2.3,2.4,-1.21,-33.52,"619,863,867","4,122,915.91"
6 Months,WALAA,17.70,18.1,10.8,11.8,-5.9,-33.33,"122,418,559","8,020,237.39"
6 Months,YC,35.35,36.8,22.59,23.63,-11.72,-33.15,"49,760,364","9,998,084.12"
6 Months,GULF GENERAL,6.42,6.6,4.22,4.33,-2.09,-32.55,"47,758,704","733,723.26"
6 Months,UCIC,39.40,41.05,26.16,27.12,-12.28,-31.17,"45,257,542","2,914,058.28"
6 Months,ALDAWAA,79.60,80.05,54,54.9,-24.7,-31.03,"17,563,391","11,358,978.70"
6 Months,SFICO,100.00,107,67.95,69.85,-30.15,-30.15,"9,337,172","7,128,462.00"
6 Months,TAPRCO,26.19,31,18.33,18.47,-7.72,-29.48,"28,832,909","3,034,574.89"
6 Months,CATRION,116.60,126.4,80.9,82.5,-34.1,-29.25,"17,391,659","12,727,471.80"
6 Months,ACIG,12.54,12.98,8.75,8.94,-3.6,-28.71,"56,861,881","2,436,532.45"
6 Months,SAIC,25.70,29.18,17.75,18.4,-7.3,-28.40,"38,649,460","6,947,818.20"
6 Months,OBEIKAN GLASS,37.00,41.6,24.59,26.6,-10.4,-28.11,"25,290,755","10,197,231.14"
6 Months,ALAMAR,59.30,60.9,41,42.88,-16.42,-27.69,"18,743,977","2,196,630.34"
6 Months,MBC GROUP,43.75,44.4,27.56,31.7,-12.05,-27.54,"239,358,435","8,049,323.76"
6 Months,JABAL OMAR,21.06,21.98,14.83,15.27,-5.79,-27.49,"467,272,601","31,886,840.39"
6 Months,HERFY FOODS,21.86,26.36,15.61,15.95,-5.91,-27.04,"24,665,756","4,886,789.25"
6 Months,GULF UNION ALAHLIA,15.56,15.64,10.86,11.41,-4.15,-26.67,"13,739,443","549,837.43"
6 Months,ALRAJHI TAKAFUL,118.20,132.8,84,86.9,-31.3,-26.48,"21,181,718","13,385,479.35"
6 Months,CITY CEMENT,17.48,17.96,12.56,12.88,-4.6,-26.32,"35,394,304","1,833,296.64"
6 Months,SAPTCO,13.90,15,10.09,10.31,-3.59,-25.83,"68,079,529","2,139,511.76"
6 Months,RIYADH CEMENT,32.80,33,22.98,24.4,-8.4,-25.61,"34,746,084","5,195,715.35"
6 Months,BUILD STATION,80.80,93,56.95,60.3,-20.5,-25.37,"28,497,004","6,637,875.30"
6 Months,MESC,32.00,35.2,22.28,23.97,-8.03,-25.09,"57,341,768","12,776,433.72"
6 Months,UACC,17.00,17.26,12.29,12.75,-4.25,-25.00,"10,389,466","444,825.26"
6 Months,SSP,55.90,58.75,39.8,42,-13.9,-24.87,"21,211,625","9,685,806.94"
6 Months,MALATH INSURANCE,13.58,14,10.13,10.21,-3.37,-24.82,"22,737,046","1,556,761.68"
6 Months,YCC,20.38,20.88,15.18,15.38,-5,-24.53,"53,961,765","4,074,400.16"
6 Months,EPCCO,31.40,32.06,23,23.7,-7.7,-24.52,"23,449,143","2,375,726.09"
6 Months,SPCC,29.40,30,21.95,22.21,-7.19,-24.46,"10,497,072","2,186,097.03"
6 Months,WATANIYA,17.26,18.32,12.87,13.04,-4.22,-24.45,"26,791,428","2,325,571.82"
6 Months,ACWA POWER,253.40,274.8,186.2,192,-61.4,-24.23,"57,329,032","59,521,624.00"
6 Months,ENTAJ,44.75,45.7,32.9,34.1,-10.65,-23.80,"22,475,493","2,759,033.56"
6 Months,CHEMANOL,11.88,13.96,8.59,9.06,-2.82,-23.74,"53,710,517","1,097,482.12"
6 Months,ALHAMMADI,37.65,38.8,28.72,28.78,-8.87,-23.56,"38,610,592","15,680,674.22"
6 Months,AMANA INSURANCE,8.32,9.27,6,6.37,-1.95,-23.44,"28,709,870","1,088,606.86"
6 Months,HB,44.05,47.76,32.9,33.76,-10.29,-23.36,"11,625,620","1,426,691.36"
6 Months,SIDC,16.64,22.98,12.59,12.76,-3.88,-23.32,"45,655,894","4,827,759.80"
6 Months,ARABIAN SHIELD,15.78,16.58,11.25,12.14,-3.64,-23.07,"19,734,418","698,053.17"
6 Months,SPPC,10.86,13.87,8,8.36,-2.5,-23.02,"56,946,612","2,739,137.22"
6 Months,ALMAJDIAH,13.83,14.46,9.97,10.69,-3.14,-22.70,"185,448,674","4,913,765.64"
6 Months,APC,6.60,6.81,4.93,5.11,-1.49,-22.58,"444,236,913","15,535,470.30"
6 Months,JOUF CEMENT,8.69,8.71,6.39,6.75,-1.94,-22.32,"47,662,173","956,613.11"
6 Months,DAR ALARKAN,20.40,20.97,15,15.9,-4.5,-22.06,"168,945,577","15,938,210.94"
6 Months,SALAMA,12.70,14.34,9.78,9.9,-2.8,-22.05,"26,686,402","1,786,218.77"
6 Months,ARDCO,32.40,35.92,24.88,25.38,-7.02,-21.67,"25,453,232","2,673,404.84"
6 Months,SIIG,17.20,20,13.43,13.48,-3.72,-21.63,"136,764,175","11,963,065.41"
6 Months,WAFRAH,28.60,30.7,21.67,22.5,-6.1,-21.33,"12,048,663","1,580,799.83"
6 Months,SMC HEALTHCARE,24.16,25,17.62,19.04,-5.12,-21.19,"140,340,503","22,725,111.00"
6 Months,ALUJAIN,37.30,38.3,29.5,29.5,-7.8,-20.91,"30,727,238","8,702,387.42"
6 Months,MUTAKAMELA,15.02,17.17,11.47,11.89,-3.13,-20.84,"15,426,543","1,084,076.53"
6 Months,MIAHONA,24.38,28.14,18.75,19.31,-5.07,-20.80,"150,995,809","5,156,670.96"
6 Months,ALANDALUS,22.66,23.08,16.7,17.95,-4.71,-20.79,"9,936,616","495,322.97"
6 Months,TECO,15.80,24.4,12.14,12.52,-3.28,-20.76,"330,648,746","8,223,592.63"
6 Months,SAICO,15.28,15.89,11.84,12.13,-3.15,-20.62,"14,721,663","700,157.76"
6 Months,NAHDI,126.20,132.1,95.6,100.3,-25.9,-20.52,"26,834,926","35,033,731.45"
6 Months,ALMUNAJEM,69.30,79.5,53,55.35,-13.95,-20.13,"22,422,984","5,666,203.85"
6 Months,AMIANTIT,21.22,23.6,16.55,17,-4.22,-19.89,"57,644,129","3,713,698.74"
6 Months,FARM SUPERSTORES,18.22,18.6,14.04,14.6,-3.62,-19.87,"10,160,704","732,276.85"
6 Months,ANAAM HOLDING,15.70,17.52,12.25,12.69,-3.01,-19.17,"74,358,975","2,918,138.66"
6 Months,MASAR,22.78,26.98,18.13,18.42,-4.36,-19.14,"331,140,590","44,257,208.40"
6 Months,AMERICANA,2.21,2.43,1.76,1.79,-0.42,-19.00,"3,632,650,983","60,311,144.99"
6 Months,TAWUNIYA,147.20,161,114.2,119.3,-27.9,-18.95,"50,270,669","46,870,452.40"
6 Months,ALKHALEEJ TRNG,26.00,29.38,20.24,21.09,-4.91,-18.88,"27,494,697","4,146,523.42"
6 Months,SVCP,28.70,32.42,21.95,23.3,-5.4,-18.82,"4,940,788","1,312,934.43"
6 Months,NAJRAN CEMENT,8.40,8.46,6.8,6.84,-1.56,-18.57,"31,794,996","2,483,483.92"
6 Months,ELM,959.20,1033.6,745,781.5,-177.7,-18.53,"9,452,864","52,182,766.00"
6 Months,RETAL,15.00,16.43,10.88,12.26,-2.74,-18.27,"163,868,042","20,327,852.30"
6 Months,TADCO,10.58,11.94,8.22,8.66,-1.92,-18.15,"14,061,844","727,995.39"
6 Months,BINDAWOOD,5.86,6.69,4.54,4.8,-1.06,-18.09,"102,886,215","4,053,059.36"
6 Months,ENAYA,9.26,10.43,7.31,7.59,-1.67,-18.03,"22,309,926","530,388.85"
6 Months,A.OTHAIM MARKET,8.02,8.15,6.6,6.61,-1.41,-17.58,"166,363,553","15,143,276.32"
6 Months,FITAIHI GROUP,3.55,3.75,2.85,2.93,-0.62,-17.46,"197,333,638","2,840,782.44"
6 Months,TAKWEEN,7.80,8.67,6.15,6.45,-1.35,-17.31,"31,898,678","540,780.71"
6 Months,ALASEEL,4.05,4.24,3.3,3.35,-0.7,-17.28,"84,305,935","2,027,256.51"
6 Months,FLYNAS,77.30,84.1,60.25,63.95,-13.35,-17.27,"131,861,862","49,634,963.30"
6 Months,QACCO,51.30,51.7,40.5,42.48,-8.82,-17.19,"28,008,297","10,362,580.54"
6 Months,JADWA REIT ALHARAMAIN,5.89,5.93,4.8,4.9,-0.99,-16.81,"13,815,842","149,940.83"
6 Months,ARAB SEA,5.35,5.78,4.31,4.46,-0.89,-16.64,"92,378,653","1,679,428.49"
6 Months,NAMA CHEMICALS,27.70,29.48,23,23.12,-4.58,-16.53,"7,031,409","1,318,426.59"
6 Months,SAUDI RE,33.36,36.09,27.1,27.9,-5.46,-16.37,"104,353,833","16,754,810.10"
6 Months,MEPCO,28.10,31.52,23.19,23.6,-4.5,-16.01,"39,644,562","7,918,539.38"
6 Months,TCC,11.22,11.4,9.36,9.45,-1.77,-15.78,"26,134,547","948,622.58"
6 Months,TALCO,44.05,45.62,32.88,37.14,-6.91,-15.69,"12,156,534","1,391,349.82"
6 Months,AICC,11.74,12.62,9.7,9.91,-1.83,-15.59,"13,824,414","111,825.83"
6 Months,AZM,28.60,31.7,22.67,24.22,-4.38,-15.31,"22,584,118","10,218,319.64"
6 Months,SGS,46.65,51.7,38.98,39.6,-7.05,-15.11,"43,451,417","22,346,696.64"
6 Months,ZOUJAJ,44.10,45.92,36.12,37.44,-6.66,-15.10,"25,344,047","3,055,819.36"
6 Months,LUMI,62.00,65,51.55,52.7,-9.3,-15.00,"15,348,155","3,236,914.55"
6 Months,BANAN,4.64,5.32,3.86,3.95,-0.69,-14.87,"35,777,378","471,718.74"
6 Months,BUPA ARABIA,169.00,182.4,140.6,144,-25,-14.79,"19,361,612","11,685,178.90"
6 Months,ALSAGR INSURANCE,12.40,15.1,10.1,10.57,-1.83,-14.76,"53,234,121","3,599,270.17"
6 Months,GAS,16.24,17.99,13.52,13.86,-2.38,-14.66,"15,832,702","523,929.57"
6 Months,JAZIRA TAKAFUL,13.58,14,11.28,11.6,-1.98,-14.58,"10,273,363","1,288,918.23"
6 Months,RAOOM,68.10,70.6,54,58.25,-9.85,-14.46,"4,607,973","746,573.35"
6 Months,SIPCHEM,18.60,21.23,15.91,15.91,-2.69,-14.46,"241,520,081","35,440,213.35"
6 Months,2P,10.31,10.77,8.45,8.84,-1.47,-14.26,"65,802,387","2,039,602.75"
6 Months,CMCER,8.25,9.14,6.95,7.1,-1.15,-13.94,"81,454,692","3,438,006.59"
6 Months,SADAFCO,277.00,297.2,237,238.5,-38.5,-13.90,"3,537,585","4,863,039.10"
6 Months,BURGERIZZR,16.70,18.1,14.15,14.38,-2.32,-13.89,"41,317,956","2,360,003.89"
6 Months,SHAKER,26.75,29.78,22.9,23.05,-3.7,-13.83,"30,816,490","5,610,436.57"
6 Months,CARE,167.60,183.5,140.3,144.5,-23.1,-13.78,"10,507,592","21,795,953.50"
6 Months,FAKEEH CARE,42.90,43.3,36.68,37.02,-5.88,-13.71,"38,914,657","6,469,121.52"
6 Months,MRNA,11.52,12.73,9.88,9.96,-1.56,-13.54,"21,039,816","1,718,215.33"
6 Months,SHARQIYAH DEV,16.40,18.3,13.85,14.2,-2.2,-13.41,"19,965,443","944,966.35"
6 Months,JAMJOOM PHARMA,174.00,181.3,141.9,151.7,-22.3,-12.82,"7,561,835","6,920,875.40"
6 Months,ASTRA INDUSTRIAL,153.40,161.7,130.9,133.8,-19.6,-12.78,"13,171,715","8,411,907.80"
6 Months,SMASCO,6.24,6.55,5.26,5.45,-0.79,-12.66,"181,973,077","6,448,584.83"
6 Months,SARCO,62.60,65.8,53.5,54.7,-7.9,-12.62,"10,771,345","2,886,233.40"
6 Months,SIECO,2.15,2.42,1.77,1.88,-0.27,-12.56,"275,673,563","4,246,584.42"
6 Months,SOLUTIONS,259.80,272,219.9,227.2,-32.6,-12.55,"13,563,243","18,276,313.30"
6 Months,EMAAR EC,13.02,14.76,10.72,11.39,-1.63,-12.52,"30,090,989","3,240,714.30"
6 Months,OASIS,2.58,2.76,2.18,2.26,-0.32,-12.40,"86,817,837","1,469,732.88"
6 Months,THEEB,66.10,68.6,57.25,58.35,-7.75,-11.72,"10,276,843","3,475,146.65"
6 Months,ARTEX,12.84,14.78,11.1,11.34,-1.5,-11.68,"13,812,034","2,165,845.38"
6 Months,LEEJAM SPORTS,129.00,151.7,111.2,114.1,-14.9,-11.55,"15,993,582","5,377,465.30"
6 Months,JAZADCO,10.22,11.5,8.85,9.04,-1.18,-11.55,"13,907,419","343,270.43"
6 Months,ALMARAI,49.95,54.05,43.5,44.2,-5.75,-11.51,"92,323,889","21,096,509.66"
6 Months,KINGDOM,8.88,8.94,7.03,7.87,-1.01,-11.37,"37,835,848","3,608,491.33"
6 Months,NGC,18.54,24,15.6,16.44,-2.1,-11.33,"22,478,845","3,197,256.42"
6 Months,SAVOLA GROUP,27.35,28.45,22.52,24.3,-3.05,-11.15,"81,021,187","23,093,240.97"
6 Months,NADEC,20.72,22.7,18.02,18.42,-2.3,-11.10,"93,992,759","20,528,150.30"
6 Months,SAIB,14.70,14.81,12.85,13.07,-1.63,-11.09,"62,703,963","2,616,614.57"
6 Months,ALSAIF GALLERY,7.26,7.37,6.41,6.46,-0.8,-11.02,"47,521,518","871,310.96"
6 Months,SPM,63.80,66.8,48.82,56.9,-6.9,-10.82,"16,644,746","10,274,115.30"
6 Months,RAYDAN,30.21,32.4,26,26.96,-3.25,-10.76,"11,104,417","831,286.74"
6 Months,KEC,13.46,14.5,11.62,12.02,-1.44,-10.70,"42,953,566","567,519.05"
6 Months,FIPCO,34.25,37.2,29.7,30.6,-3.65,-10.66,"7,701,050","845,831.50"
6 Months,ALJAZIRA REIT,13.84,14.5,11.92,12.37,-1.47,-10.62,"8,630,444","175,094.48"
6 Months,SUMOU,40.05,43.7,34.75,35.8,-4.25,-10.61,"20,880,120","2,949,723.82"
6 Months,SINAD HOLDING,10.52,11.8,9.07,9.42,-1.1,-10.46,"29,084,708","1,005,589.09"
6 Months,BJAZ,12.72,13.31,11.14,11.39,-1.33,-10.46,"385,733,429","48,075,892.75"
6 Months,RIYADH CABLES,141.00,147.7,114.5,126.5,-14.5,-10.28,"29,044,170","25,340,532.10"
6 Months,RIYAD REIT,5.64,5.82,4.95,5.08,-0.56,-9.93,"21,904,641","508,925.36"
6 Months,ACC,23.44,23.93,20.43,21.14,-2.3,-9.81,"21,858,438","1,729,937.55"
6 Months,SEDCO CAPITAL REIT,6.79,7.25,6.14,6.15,-0.64,-9.43,"23,588,166","6,217,613.08"
6 Months,SAUDI CEMENT,39.95,41.58,35.4,36.22,-3.73,-9.34,"20,012,283","4,807,279.90"
6 Months,EQUIPMENT HOUSE,37.35,41,31.66,33.88,-3.47,-9.29,"7,135,283","11,580,809.66"
6 Months,BATIC,2.30,2.57,1.96,2.09,-0.21,-9.13,"1,097,660,343","7,848,399.52"
6 Months,MODERN MILLS,34.75,35.72,29.6,31.6,-3.15,-9.06,"11,142,514","1,130,600.20"
6 Months,AL AZIZIAH REIT,4.50,4.65,3.72,4.11,-0.39,-8.67,"23,309,037","535,215.36"
6 Months,TAIBA,37.85,43,32.85,34.58,-3.27,-8.64,"37,641,144","2,177,306.24"
6 Months,MARAFIQ,42.20,45.3,36.5,38.56,-3.64,-8.63,"40,029,091","4,623,220.00"
6 Months,FIRST MILLS,54.30,60.2,46.86,49.74,-4.56,-8.40,"6,673,728","1,180,677.34"
6 Months,ALAHLI REIT 1,6.95,7.25,6.05,6.38,-0.57,-8.20,"6,945,072","274,892.80"
6 Months,MEFIC REIT,3.80,3.85,3.4,3.49,-0.31,-8.16,"19,256,596","275,044.29"
6 Months,ALJOUF,45.60,48.44,40.65,42,-3.6,-7.89,"15,175,075","1,546,246.16"
6 Months,RIBL,28.05,29.22,25.3,25.84,-2.21,-7.88,"245,210,369","71,062,601.46"
6 Months,NORTHERN CEMENT,8.02,8.65,7.22,7.42,-0.6,-7.48,"38,769,110","1,242,048.01"
6 Months,BAAN,2.02,2.69,1.77,1.87,-0.15,-7.43,"660,032,472","2,569,941.77"
6 Months,ATAA,64.10,70.6,58,59.4,-4.7,-7.33,"5,020,297","1,766,133.30"
6 Months,SPORT CLUBS,9.30,13.46,7.59,8.62,-0.68,-7.31,"1,013,669,337","13,679,984.22"
6 Months,NCLE,160.60,183,138.4,148.9,-11.7,-7.29,"3,207,289","2,168,238.00"
6 Months,ALOMRAN,28.95,33.7,24.94,26.9,-2.05,-7.08,"8,308,007","880,191.52"
6 Months,BUDGET SAUDI,70.00,78.95,64,65.15,-4.85,-6.93,"19,396,483","18,579,565.90"
6 Months,BSF,17.44,18.93,15.49,16.25,-1.19,-6.82,"274,046,390","88,737,278.14"
6 Months,LUBEREF,101.60,108,81.3,94.7,-6.9,-6.79,"34,707,741","39,230,020.60"
6 Months,MCDC,91.00,94.65,67.95,84.95,-6.05,-6.65,"22,793,991","8,261,021.10"
6 Months,SENAAT,39.15,47.96,28.68,36.64,-2.51,-6.41,"85,972,409","17,055,834.42"
6 Months,ALISTITHMAR REIT,7.80,9.87,6.7,7.3,-0.5,-6.41,"52,987,750","190,921.68"
6 Months,SACO,28.80,33.34,25.3,27.06,-1.74,-6.04,"15,307,856","2,880,853.82"
6 Months,ARABIAN MILLS,41.45,48.9,37,38.96,-2.49,-6.01,"13,652,860","1,464,376.90"
6 Months,ALINMA,25.80,28.02,23.94,24.32,-1.48,-5.74,"747,045,517","137,828,002.89"
6 Months,GIG,24.82,27.5,22.04,23.4,-1.42,-5.72,"11,215,685","1,421,313.71"
6 Months,RED SEA,38.25,49.94,32.1,36.2,-2.05,-5.36,"70,496,967","7,303,603.96"
6 Months,TASHEEL,168.00,178.9,143,159.2,-8.8,-5.24,"6,080,252","6,685,394.10"
6 Months,LAZURDE,12.54,13.89,11.44,11.89,-0.65,-5.18,"29,480,523","1,175,552.05"
6 Months,CHEMICAL,7.53,7.93,6.06,7.14,-0.39,-5.18,"823,564,167","35,854,228.11"
6 Months,MOUWASAT,74.00,80.7,67.9,70.25,-3.75,-5.07,"55,687,555","22,420,599.55"
6 Months,CHUBB,26.25,33.2,21.98,25,-1.25,-4.76,"37,395,981","4,558,629.35"
6 Months,BURUJ,16.78,19.9,14.62,16.01,-0.77,-4.59,"8,133,280","1,872,712.11"
6 Months,ASLAK,22.68,26.1,19.84,21.64,-1.04,-4.59,"9,350,939","647,960.97"
6 Months,GO TELECOM,97.80,113.9,83.7,93.4,-4.4,-4.50,"37,206,981","33,122,912.40"
6 Months,SAB,32.20,34.9,29.9,30.8,-1.4,-4.35,"223,316,895","62,223,551.90"
6 Months,LIVA,12.18,14.47,10.9,11.7,-0.48,-3.94,"20,191,233","424,492.90"
6 Months,ALMAJED OUD,143.60,152.8,106.4,138,-5.6,-3.90,"12,061,504","5,284,182.90"
6 Months,TAMKEEN,54.00,62.9,46.8,51.9,-2.1,-3.89,"17,796,847","4,443,463.60"
6 Months,MUSHARAKA REIT,4.29,4.53,3.99,4.13,-0.16,-3.73,"9,707,711","365,209.81"
6 Months,ALINMA RETAIL REIT,4.58,4.92,4.31,4.41,-0.17,-3.71,"22,708,176","2,428,145.84"
6 Months,MULKIA REIT,4.81,4.95,4.45,4.64,-0.17,-3.53,"8,954,566","121,165.58"
6 Months,GACO,16.94,19.55,15.12,16.35,-0.59,-3.48,"14,556,021","170,058.96"
6 Months,SAL,178.20,192,156,172.1,-6.1,-3.42,"18,162,456","27,774,652.80"
6 Months,DERAYAH REIT,5.59,5.75,5.29,5.41,-0.18,-3.22,"11,610,876","182,209.79"
6 Months,SASCO,60.40,73.45,49.02,58.6,-1.8,-2.98,"33,880,351","9,315,859.85"
6 Months,SULAIMAN ALHABIB,258.40,281.2,227.7,251.2,-7.2,-2.79,"23,118,845","61,595,256.40"
6 Months,SRMG,148.00,202.1,137.2,144,-4,-2.70,"9,822,564","9,722,311.30"
6 Months,Al RAJHI REIT,8.26,8.42,8.05,8.08,-0.18,-2.18,"23,275,894","1,996,590.80"
6 Months,ALKATHIRI,2.03,2.29,1.86,1.99,-0.04,-1.97,"220,279,902","1,880,204.67"
6 Months,SADR,2.82,3.17,2.58,2.77,-0.05,-1.77,"199,125,344","2,111,804.93"
6 Months,ALKHABEER REIT,5.73,5.85,5.51,5.63,-0.1,-1.75,"16,986,536","330,317.68"
6 Months,TADAWUL GROUP,168.60,215,158.7,165.7,-2.9,-1.72,"17,022,939","54,298,250.60"
6 Months,AVALON PHARMA,123.00,138.4,108,120.9,-2.1,-1.71,"3,697,096","2,818,152.80"
6 Months,ALMASAR ALSHAMIL,23.09,24.48,18.33,22.7,-0.39,-1.69,"45,068,494","215,561,846.21"
6 Months,SAUDI ARAMCO,24.92,26.16,23.04,24.52,-0.4,-1.61,"1,544,269,403","148,412,361.53"
6 Months,ALMAWARID,139.60,148.7,111,137.5,-2.1,-1.50,"6,600,405","8,719,917.90"
6 Months,ALINMA HOSPITALITY REIT,8.30,8.47,8.03,8.18,-0.12,-1.45,"18,787,742","874,417.83"
6 Months,FOURTH MILLING,3.79,4.23,3.34,3.74,-0.05,-1.32,"166,741,268","1,389,552.24"
6 Months,SAUDI ELECTRICITY,14.32,16.05,13.72,14.14,-0.18,-1.26,"164,271,884","11,706,858.94"
6 Months,AWPT,139.60,157.2,122.9,138,-1.6,-1.15,"7,999,485","5,232,602.30"
6 Months,SABIC,55.40,64,53,54.95,-0.45,-0.81,"221,600,425","46,760,160.10"
6 Months,AL MAATHER REIT,9.14,9.85,8.94,9.07,-0.07,-0.77,"6,246,129","444,779.49"
6 Months,ZAIN KSA,10.86,11.74,10.02,10.78,-0.08,-0.74,"303,784,851","10,344,070.10"
6 Months,STC,42.50,45.38,40.7,42.32,-0.18,-0.42,"409,706,842","123,666,477.30"
6 Months,NAYIFAT,12.62,14.18,11.8,12.57,-0.05,-0.40,"36,861,988","738,361.02"
6 Months,SAUDI CABLE,135.40,160,119.2,135,-0.4,-0.30,"6,178,329","2,803,738.30"
6 Months,EXTRA,88.80,93.5,83.4,88.55,-0.25,-0.28,"27,501,563","13,514,750.60"
6 Months,BAWAN,49.75,61.85,42.25,49.66,-0.09,-0.18,"24,722,955","9,241,758.96"
3 Months,ALARABIA,82.30,124.5,79.7,117.5,35.2,42.77,"21,200,488","11,646,640.50"
3 Months,BAHRI,21.80,32.5,21.24,29.5,7.7,35.32,"44,774,812","8,004,017.66"
3 Months,AMAK,63.60,82.7,63.2,81.95,18.35,28.85,"23,991,817","44,150,953.60"
3 Months,EAST PIPES,105.60,146.6,102.9,135.6,30,28.41,"12,201,201","11,891,788.70"
3 Months,RASAN,93.60,122,91.5,118.6,25,26.71,"33,903,208","62,388,781.10"
3 Months,ARABIAN DRILLING,72.80,96.95,72.15,91.95,19.15,26.30,"21,695,161","17,625,795.90"
3 Months,ALBABTAIN,54.35,69.85,53.2,68.5,14.15,26.03,"23,235,075","36,060,115.75"
3 Months,ALMAJED OUD,110.00,147.5,106.4,138,28,25.45,"6,488,378","5,284,182.90"
3 Months,EIC,9.17,12.16,8.5,11.41,2.24,24.43,"329,237,406","39,449,982.45"
3 Months,MCDC,69.35,90.6,67.95,84.95,15.6,22.49,"13,100,736","8,261,021.10"
3 Months,MIS,129.80,162.8,126.7,157.3,27.5,21.19,"4,431,489","9,785,735.10"
3 Months,MAHARAH,4.80,5.84,4.39,5.76,0.96,20.00,"239,014,788","46,083,430.26"
3 Months,AYYAN,11.70,14.08,11.54,13.72,2.02,17.26,"29,940,571","11,407,116.80"
3 Months,ABO MOATI,36.92,53.95,35.5,43,6.08,16.47,"35,624,556","43,416,021.70"
3 Months,SASCO,50.40,73.45,50,58.6,8.2,16.27,"19,769,078","9,315,859.85"
3 Months,ADES,14.84,17.85,14.27,16.97,2.13,14.35,"146,938,031","36,472,953.17"
3 Months,ALMAWARID,120.90,148.7,111,137.5,16.6,13.73,"4,626,019","8,719,917.90"
3 Months,ALDREES,113.40,154.1,110.7,128.5,15.1,13.32,"25,619,194","25,075,628.80"
3 Months,LUBEREF,83.95,97.35,81.3,94.7,10.75,12.81,"20,586,371","39,230,020.60"
3 Months,SENAAT,32.50,39.56,28.68,36.64,4.14,12.74,"59,674,461","17,055,834.42"
3 Months,MBC GROUP,28.14,38,27.56,31.7,3.56,12.65,"210,891,338","8,049,323.76"
3 Months,DERAYAH,26.44,32,23.49,29.56,3.12,11.80,"41,141,053","14,382,126.68"
3 Months,CHEMICAL,6.39,7.93,6.06,7.14,0.75,11.74,"420,717,206","35,854,228.11"
3 Months,MAADEN,53.30,68.45,52.5,59.55,6.25,11.73,"113,683,431","122,924,696.70"
3 Months,PETRO RABIGH,6.60,9.48,6.48,7.25,0.65,9.85,"611,149,697","19,312,404.27"
3 Months,BAAZEEM,5.63,7.1,5.34,6.18,0.55,9.77,"38,759,214","1,010,890.15"
3 Months,CHERRY,26.40,29.02,25.9,28.86,2.46,9.32,"21,179,200","132,239,708.06"
3 Months,GASCO,74.05,90,66.05,80.8,6.75,9.12,"4,880,761","4,005,339.50"
3 Months,SPM,52.20,60.45,48.82,56.9,4.7,9.00,"9,112,502","10,274,115.30"
3 Months,TASHEEL,146.70,178.9,143,159.2,12.5,8.52,"3,987,369","6,685,394.10"
3 Months,NAQI,50.80,57.55,49.12,54.85,4.05,7.97,"2,509,331","2,708,640.40"
3 Months,AWPT,128.20,157.2,122.9,138,9.8,7.64,"4,615,793","5,232,602.30"
3 Months,RETAL,11.39,13.58,10.88,12.26,0.87,7.64,"114,797,340","20,327,852.30"
3 Months,ETIHAD ETISALAT,61.90,69,59.5,66.3,4.4,7.11,"59,228,804","103,972,510.15"
3 Months,JADWA REIT SAUDI,10.23,11.38,10.18,10.91,0.68,6.65,"10,706,375","383,073.99"
3 Months,SNB,34.98,41,33.3,37.22,2.24,6.40,"317,079,018","227,425,065.22"
3 Months,SAUDI KAYAN,4.96,6.41,4.77,5.25,0.29,5.85,"441,581,508","10,826,954.02"
3 Months,SAMBA,36.80,39.1,36.5,38.5,1.7,4.62,"10,917,458","343,828,273.55"
3 Months,RAOOM,55.75,67.5,54,58.25,2.5,4.48,"2,525,695","746,573.35"
3 Months,SAUDI ARAMCO,23.47,26.16,23.04,24.52,1.05,4.47,"781,198,814","148,412,361.53"
3 Months,KINGDOM,7.56,8.24,7.03,7.87,0.31,4.10,"21,215,149","3,608,491.33"
3 Months,ZAIN KSA,10.39,11.74,10.15,10.78,0.39,3.75,"164,442,646","10,344,070.10"
3 Months,QACCO,41.00,44.36,40.5,42.48,1.48,3.61,"13,550,138","10,362,580.54"
3 Months,JOUF CEMENT,6.55,7.26,6.39,6.75,0.2,3.05,"18,732,470","956,613.11"
3 Months,SAVOLA GROUP,23.60,27.76,22.52,24.3,0.7,2.97,"52,207,241","23,093,240.97"
3 Months,BSF,15.82,18.93,15.49,16.25,0.43,2.72,"157,407,985","88,737,278.14"
3 Months,SAL,167.60,186,162.8,172.1,4.5,2.68,"10,390,675","27,774,652.80"
3 Months,CHUBB,24.36,33.2,23.31,25,0.64,2.63,"26,306,826","4,558,629.35"
3 Months,ALBILAD,25.24,30.16,24.91,25.9,0.66,2.61,"94,697,862","28,801,409.62"
3 Months,SAUDI CERAMICS,27.92,32.86,27,28.64,0.72,2.58,"24,417,548","4,327,471.80"
3 Months,SULAIMAN ALHABIB,245.00,281.2,227.7,251.2,6.2,2.53,"13,526,173","61,595,256.40"
3 Months,ALRAJHI,93.65,113,90.15,96,2.35,2.51,"260,724,964","360,566,949.15"
3 Months,SMC HEALTHCARE,18.62,21.19,17.62,19.04,0.42,2.26,"54,372,454","22,725,111.00"
3 Months,MARAFIQ,37.72,45.3,36.5,38.56,0.84,2.23,"21,862,589","4,623,220.00"
3 Months,RIYADH CABLES,124.00,143.8,114.5,126.5,2.5,2.02,"19,316,014","25,340,532.10"
3 Months,GACO,16.06,19.55,15.81,16.35,0.29,1.81,"11,994,597","170,058.96"
3 Months,SAB,30.28,33,29.9,30.8,0.52,1.72,"117,425,644","62,223,551.90"
3 Months,Sahara,17.20,17.48,16.3,17.46,0.26,1.51,"13,923,737","67,130,506.54"
3 Months,WALAA,11.63,13.24,10.8,11.8,0.17,1.46,"88,449,033","8,020,237.39"
3 Months,STC,41.82,45.38,41.14,42.32,0.5,1.20,"218,912,781","123,666,477.30"
3 Months,SEERA,27.30,31.6,26.44,27.58,0.28,1.03,"57,327,735","31,040,950.00"
3 Months,AL AZIZIAH REIT,4.07,4.39,3.72,4.11,0.04,0.98,"8,978,762","535,215.36"
3 Months,SABIC AGRI-NUTRIENTS,115.00,125.7,112.6,116,1,0.87,"33,286,359","131,668,743.70"
3 Months,SPIMACO,27.48,31.06,26.5,27.7,0.22,0.80,"23,944,307","3,702,159.50"
3 Months,ALMOOSA,165.90,212,159.8,167.2,1.3,0.78,"2,211,463","2,597,456.80"
3 Months,DUR,26.80,27.3,26.4,27,0.2,0.75,"222,446","4,338,476.30"
3 Months,JARIR,12.70,14.56,12.26,12.79,0.09,0.71,"121,590,530","43,204,868.69"
3 Months,MULKIA REIT,4.61,4.92,4.54,4.64,0.03,0.65,"4,458,298","121,165.58"
3 Months,MODERN MILLS,31.42,35.72,30.14,31.6,0.18,0.57,"4,217,707","1,130,600.20"
3 Months,AL MAATHER REIT,9.03,9.1,8.94,9.07,0.04,0.44,"2,574,771","444,779.49"
3 Months,OBEIKAN GLASS,26.50,38.44,24.59,26.6,0.1,0.38,"19,727,470","10,197,231.14"
3 Months,BONYAN REIT,9.15,9.69,9,9.18,0.03,0.33,"5,332,814","534,777.68"
3 Months,TALEEM REIT,10.00,10.55,9.69,10.03,0.03,0.30,"1,933,318","386,773.43"
3 Months,SABB TAKAFUL,11.50,11.98,11.5,11.5,0,0.00,"539,556","6,349,103.58"
3 Months,WAFA Insurance,9.50,10,9.3,9.5,0,0.00,"915,571","8,767,344.86"
3 Months,ALAHLIA,14.76,15.02,14.5,14.76,0,0.00,"1,119,353","16,457,121.40"
3 Months,MMG,12.55,12.9,11.8,12.55,0,0.00,"5,310,626","66,213,259.00"
3 Months,SANAD,15.23,17.75,14.75,15.23,0,0.00,"1,572,218","25,722,117.10"
3 Months,ATC,34.00,34.35,33.8,34,0,0.00,"263,305","8,968,049.20"
3 Months,SOLIDARITY,14.20,14.52,14.16,14.2,0,0.00,"636,038","9,053,258.36"
3 Months,ALKHODARI,5.39,5.76,5.18,5.39,0,0.00,"4,609,164","25,244,810.49"
3 Months,HCC,11.60,11.7,11.54,11.6,0,0.00,"1,029,618","11,976,960.50"
3 Months,ALINMA TOKIO M,12.80,12.84,12.06,12.8,0,0.00,"765,899","9,519,564.54"
3 Months,ALAWWAL,19.58,19.58,19,19.58,0,0.00,"1,587,561","30,693,634.94"
3 Months,Weqaya Takaful,19.39,19.75,19.15,19.39,0,0.00,"1,694,478","32,930,031.50"
3 Months,NASEEJ,92.90,96.2,42.3,44.2,-48.7,-52.42,"26,473,842","9,956,616.32"
3 Months,SAUDI GERMAN HEALTH,56.15,59.2,37.66,38,-18.15,-32.32,"28,386,578","37,604,298.26"
3 Months,TAPRCO,27.06,30.9,18.33,18.47,-8.59,-31.74,"19,894,173","3,034,574.89"
3 Months,SIDC,18.60,22.4,12.59,12.76,-5.84,-31.40,"22,518,672","4,827,759.80"
3 Months,TECO,18.20,19.4,12.14,12.52,-5.68,-31.21,"75,891,668","8,223,592.63"
3 Months,JAHEZ,21.62,22.9,15.23,15.51,-6.11,-28.26,"104,235,247","16,821,105.41"
3 Months,SFICO,96.65,97.95,67.95,69.85,-26.8,-27.73,"5,631,090","7,128,462.00"
3 Months,SIIG,18.20,19.65,13.43,13.48,-4.72,-25.93,"49,362,323","11,963,065.41"
3 Months,ALAKARIA,17.58,17.66,12.77,13.07,-4.51,-25.65,"77,599,533","12,056,631.96"
3 Months,YC,31.56,32.7,22.59,23.63,-7.93,-25.13,"38,342,255","9,998,084.12"
3 Months,SPPC,11.16,11.55,8,8.36,-2.8,-25.09,"22,870,457","2,739,137.22"
3 Months,ALRAJHI TAKAFUL,114.70,124.9,84,86.9,-27.8,-24.24,"12,673,591","13,385,479.35"
3 Months,SAPTCO,13.50,13.8,10.09,10.31,-3.19,-23.63,"52,193,381","2,139,511.76"
3 Months,HERFY FOODS,20.78,22.98,15.61,15.95,-4.83,-23.24,"9,832,322","4,886,789.25"
3 Months,LEEJAM SPORTS,148.00,150.7,111.2,114.1,-33.9,-22.91,"11,815,039","5,377,465.30"
3 Months,THIMAR,50.05,50.85,37.72,38.66,-11.39,-22.76,"30,693,683","4,016,695.44"
3 Months,ALMAJDIAH,13.83,14.46,9.97,10.69,-3.14,-22.70,"185,448,674","4,913,765.64"
3 Months,MALATH INSURANCE,13.05,13.68,10.13,10.21,-2.84,-21.76,"11,800,138","1,556,761.68"
3 Months,ANAAM HOLDING,16.10,17.52,12.25,12.69,-3.41,-21.18,"39,688,806","2,918,138.66"
3 Months,SAIC,23.30,26.1,17.75,18.4,-4.9,-21.03,"17,828,376","6,947,818.20"
3 Months,UCA,4.64,5.74,3.66,3.67,-0.97,-20.91,"32,438,094","2,742,470.03"
3 Months,MESC,30.04,32.2,22.28,23.97,-6.07,-20.21,"35,323,677","12,776,433.72"
3 Months,MIAHONA,24.02,26.2,18.75,19.31,-4.71,-19.61,"49,180,785","5,156,670.96"
3 Months,RED SEA,44.98,47.6,34.14,36.2,-8.78,-19.52,"24,796,078","7,303,603.96"
3 Months,ARDCO,31.42,33.32,24.88,25.38,-6.04,-19.22,"11,209,946","2,673,404.84"
3 Months,RIYADH CEMENT,30.06,30.28,22.98,24.4,-5.66,-18.83,"21,931,969","5,195,715.35"
3 Months,METLIFE AIG ANB,17.58,17.78,14.02,14.3,-3.28,-18.66,"3,601,863","17,571,429.72"
3 Months,TANMIAH,76.65,85.8,59.1,62.8,-13.85,-18.07,"6,824,779","5,060,303.30"
3 Months,ALUJAIN,36.00,36.58,29.5,29.5,-6.5,-18.06,"22,140,831","8,702,387.42"
3 Months,SPORT CLUBS,10.51,11.45,8.42,8.62,-1.89,-17.98,"263,745,032","13,679,984.22"
3 Months,CATRION,100.30,102.2,80.9,82.5,-17.8,-17.75,"10,899,434","12,727,471.80"
3 Months,NICE ONE,23.55,26,19.22,19.4,-4.15,-17.62,"43,908,119","9,867,323.29"
3 Months,MASAR,22.35,25.16,18.13,18.42,-3.93,-17.58,"181,807,327","44,257,208.40"
3 Months,CITY CEMENT,15.61,16.2,12.56,12.88,-2.73,-17.49,"18,939,200","1,833,296.64"
3 Months,SRMG,174.50,199,137.2,144,-30.5,-17.48,"4,322,106","9,722,311.30"
3 Months,CENOMI RETAIL,24.38,31.16,18.75,20.12,-4.26,-17.47,"208,799,248","52,676,898.98"
3 Months,ALETIHAD,10.63,11.74,8.38,8.8,-1.83,-17.22,"6,903,614","439,276.62"
3 Months,MEDGULF,15.65,17.52,12.8,12.98,-2.67,-17.06,"54,612,923","9,654,184.23"
3 Months,SAUDI DARB,2.89,3.13,2.3,2.4,-0.49,-16.96,"231,648,973","4,122,915.91"
3 Months,CARE,173.00,183.5,140.3,144.5,-28.5,-16.47,"5,911,999","21,795,953.50"
3 Months,FLYNAS,76.45,81.7,60.25,63.95,-12.5,-16.35,"31,756,551","49,634,963.30"
3 Months,JABAL OMAR,18.18,19.85,14.83,15.27,-2.91,-16.01,"263,950,420","31,886,840.39"
3 Months,SHARQIYAH DEV,16.82,17.56,13.85,14.2,-2.62,-15.58,"9,942,745","944,966.35"
3 Months,GO TELECOM,110.00,113.3,88.1,93.4,-16.6,-15.09,"16,912,725","33,122,912.40"
3 Months,BUILD STATION,71.00,77.15,56.95,60.3,-10.7,-15.07,"17,888,717","6,637,875.30"
3 Months,ALDAWAA,64.60,68.95,54,54.9,-9.7,-15.02,"12,365,090","11,358,978.70"
3 Months,ENAYA,8.90,9.5,7.31,7.59,-1.31,-14.72,"10,814,067","530,388.85"
3 Months,SALAMA,11.60,12.73,9.78,9.9,-1.7,-14.66,"8,575,827","1,786,218.77"
3 Months,GAS,16.24,17.99,13.52,13.86,-2.38,-14.66,"15,832,702","523,929.57"
3 Months,FIPCO,35.80,37.2,29.7,30.6,-5.2,-14.53,"3,967,973","845,831.50"
3 Months,SIPCHEM,18.58,21.05,15.91,15.91,-2.67,-14.37,"133,130,005","35,440,213.35"
3 Months,TADCO,10.11,10.85,8.22,8.66,-1.45,-14.34,"7,470,711","727,995.39"
3 Months,NAJRAN CEMENT,7.98,8.07,6.8,6.84,-1.14,-14.29,"17,744,420","2,483,483.92"
3 Months,BAAN,2.18,2.38,1.79,1.87,-0.31,-14.22,"182,438,286","2,569,941.77"
3 Months,ALANDALUS,20.90,21.18,16.7,17.95,-2.95,-14.11,"5,608,323","495,322.97"
3 Months,DAR ALARKAN,18.50,20.97,15,15.9,-2.6,-14.05,"94,581,043","15,938,210.94"
3 Months,CMCER,8.25,9.14,6.95,7.1,-1.15,-13.94,"81,454,692","3,438,006.59"
3 Months,AMANA INSURANCE,7.40,8.15,6,6.37,-1.03,-13.92,"12,843,001","1,088,606.86"
3 Months,HB,39.18,42.92,32.9,33.76,-5.42,-13.83,"5,299,747","1,426,691.36"
3 Months,JAZADCO,10.49,10.96,8.85,9.04,-1.45,-13.82,"7,963,874","343,270.43"
3 Months,SPCC,25.76,28,21.95,22.21,-3.55,-13.78,"6,081,115","2,186,097.03"
3 Months,SSP,48.60,56.45,39.8,42,-6.6,-13.58,"12,014,768","9,685,806.94"
3 Months,NAHDI,115.50,124.8,95.6,100.3,-15.2,-13.16,"16,401,770","35,033,731.45"
3 Months,ALSAGR INSURANCE,12.16,13.72,10.1,10.57,-1.59,-13.08,"21,139,655","3,599,270.17"
3 Months,SVCP,26.80,28.8,21.95,23.3,-3.5,-13.06,"2,895,304","1,312,934.43"
3 Months,ARAB SEA,5.12,5.58,4.31,4.46,-0.66,-12.89,"31,302,179","1,679,428.49"
3 Months,MUTAKAMELA,13.60,14.58,11.47,11.89,-1.71,-12.57,"5,871,411","1,084,076.53"
3 Months,NGC,18.79,21.9,16,16.44,-2.35,-12.51,"8,783,324","3,197,256.42"
3 Months,ALAMAR,49.00,53.2,41,42.88,-6.12,-12.49,"11,845,297","2,196,630.34"
3 Months,SHL,20.58,24.13,17,18.01,-2.57,-12.49,"13,464,870","1,396,344.21"
3 Months,ALHAMMADI,32.86,36,28.72,28.78,-4.08,-12.42,"21,315,733","15,680,674.22"
3 Months,BAWAN,56.70,60.4,48.4,49.66,-7.04,-12.42,"14,725,850","9,241,758.96"
3 Months,UACC,14.54,15.3,12.29,12.75,-1.79,-12.31,"4,870,220","444,825.26"
3 Months,BANAN,4.50,4.76,3.86,3.95,-0.55,-12.22,"12,430,604","471,718.74"
3 Months,SEDCO CAPITAL REIT,7.00,7.25,6.14,6.15,-0.85,-12.14,"12,054,918","6,217,613.08"
3 Months,SHAKER,26.22,28.58,22.9,23.05,-3.17,-12.09,"14,252,828","5,610,436.57"
3 Months,SGS,44.96,47.68,38.98,39.6,-5.36,-11.92,"25,484,047","22,346,696.64"
3 Months,CHEMANOL,10.27,11.22,8.59,9.06,-1.21,-11.78,"24,619,487","1,097,482.12"
3 Months,DWF,127.10,149.7,108.8,112.3,-14.8,-11.64,"3,837,471","6,153,708.70"
3 Months,WATANIYA,14.74,16.8,12.87,13.04,-1.7,-11.53,"13,577,281","2,325,571.82"
3 Months,ACIG,10.09,12.36,8.75,8.94,-1.15,-11.40,"40,673,243","2,436,532.45"
3 Months,MEPCO,26.60,29.12,23.19,23.6,-3,-11.28,"22,164,072","7,918,539.38"
3 Months,TAKWEEN,7.25,7.94,6.15,6.45,-0.8,-11.03,"11,538,468","540,780.71"
3 Months,FARM SUPERSTORES,16.41,17.97,14.04,14.6,-1.81,-11.03,"4,049,671","732,276.85"
3 Months,AMLAK,12.88,13.9,11.25,11.46,-1.42,-11.02,"24,470,354","850,967.69"
3 Months,NADEC,20.70,22.7,18.02,18.42,-2.28,-11.01,"51,628,801","20,528,150.30"
3 Months,TAMKEEN,58.20,62.9,49.78,51.9,-6.3,-10.82,"9,069,384","4,443,463.60"
3 Months,EQUIPMENT HOUSE,37.92,41,31.66,33.88,-4.04,-10.65,"4,036,525","11,580,809.66"
3 Months,ALISTITHMAR REIT,8.15,8.5,7.05,7.3,-0.85,-10.43,"8,269,077","190,921.68"
3 Months,MAADANIYAH,15.74,18.5,13.23,14.14,-1.6,-10.17,"16,394,455","1,792,795.72"
3 Months,BINDAWOOD,5.34,5.92,4.54,4.8,-0.54,-10.11,"56,910,496","4,053,059.36"
3 Months,MRNA,11.08,11.39,9.88,9.96,-1.12,-10.11,"8,659,901","1,718,215.33"
3 Months,WAFRAH,25.00,29.76,21.67,22.5,-2.5,-10.00,"6,735,599","1,580,799.83"
3 Months,LUMI,58.45,65,51.55,52.7,-5.75,-9.84,"7,384,093","3,236,914.55"
3 Months,A.OTHAIM MARKET,7.33,7.95,6.6,6.61,-0.72,-9.82,"87,158,134","15,143,276.32"
3 Months,ENTAJ,37.78,42.08,32.9,34.1,-3.68,-9.74,"9,114,899","2,759,033.56"
3 Months,TASNEE,10.68,11.94,9.63,9.65,-1.03,-9.64,"118,914,324","9,646,509.07"
3 Months,AMIANTIT,18.81,22.58,16.55,17,-1.81,-9.62,"26,332,485","3,713,698.74"
3 Months,SAUDI CABLE,149.20,160,130,135,-14.2,-9.52,"2,391,762","2,803,738.30"
3 Months,SUMOU,39.12,42,34.9,35.8,-3.32,-8.49,"13,348,383","2,949,723.82"
3 Months,ADVANCED,33.72,38.64,30.76,30.86,-2.86,-8.48,"40,413,340","7,908,553.38"
3 Months,SABIC,60.00,64,54,54.95,-5.05,-8.42,"89,633,474","46,760,160.10"
3 Months,ACWA POWER,209.50,252.6,186.2,192,-17.5,-8.35,"30,129,731","59,521,624.00"
3 Months,ELM,852.00,972,745,781.5,-70.5,-8.27,"5,193,187","52,182,766.00"
3 Months,AICC,10.80,11.49,9.7,9.91,-0.89,-8.24,"6,183,326","111,825.83"
3 Months,EMAAR EC,12.41,14.1,10.72,11.39,-1.02,-8.22,"14,622,656","3,240,714.30"
3 Months,EPCCO,25.82,27.6,23,23.7,-2.12,-8.21,"11,160,365","2,375,726.09"
3 Months,ALMARAI,48.10,54.05,43.5,44.2,-3.9,-8.11,"40,200,405","21,096,509.66"
3 Months,ZOUJAJ,40.74,42.5,36.12,37.44,-3.3,-8.10,"11,943,392","3,055,819.36"
3 Months,SADAFCO,259.40,297.2,237,238.5,-20.9,-8.06,"2,332,800","4,863,039.10"
3 Months,SINAD HOLDING,10.24,10.97,9.07,9.42,-0.82,-8.01,"10,126,408","1,005,589.09"
3 Months,TCC,10.27,10.9,9.36,9.45,-0.82,-7.98,"16,732,020","948,622.58"
3 Months,NAMA CHEMICALS,25.02,27.6,23,23.12,-1.9,-7.59,"2,790,352","1,318,426.59"
3 Months,RAYDAN,29.17,32.4,26,26.96,-2.21,-7.58,"7,960,493","831,286.74"
3 Months,SIECO,2.03,2.22,1.77,1.88,-0.15,-7.39,"113,328,788","4,246,584.42"
3 Months,ARTEX,12.24,14.78,11.1,11.34,-0.9,-7.35,"9,292,468","2,165,845.38"
3 Months,TALCO,40.08,43.3,32.88,37.14,-2.94,-7.34,"5,181,474","1,391,349.82"
3 Months,ALASEEL,3.61,3.85,3.3,3.35,-0.26,-7.20,"40,360,010","2,027,256.51"
3 Months,ARABIAN SHIELD,13.08,14.19,11.25,12.14,-0.94,-7.19,"7,825,212","698,053.17"
3 Months,FAKEEH CARE,39.80,42.84,36.68,37.02,-2.78,-6.98,"15,261,912","6,469,121.52"
3 Months,ALSAIF GALLERY,6.94,7.15,6.41,6.46,-0.48,-6.92,"34,554,278","871,310.96"
3 Months,ALJOUF,45.12,48.44,40.9,42,-3.12,-6.91,"5,430,077","1,546,246.16"
3 Months,SMASCO,5.85,6.35,5.26,5.45,-0.4,-6.84,"105,770,725","6,448,584.83"
3 Months,AZM,25.98,29.3,22.67,24.22,-1.76,-6.77,"12,626,739","10,218,319.64"
3 Months,SAUDI RE,29.88,36.09,27.1,27.9,-1.98,-6.63,"56,216,553","16,754,810.10"
3 Months,ALKHALEEJ TRNG,22.56,29.38,20.24,21.09,-1.47,-6.52,"17,531,694","4,146,523.42"
3 Months,BURGERIZZR,15.38,17.33,14.15,14.38,-1,-6.50,"15,410,010","2,360,003.89"
3 Months,AMERICANA,1.91,2.25,1.76,1.79,-0.12,-6.28,"2,189,285,887","60,311,144.99"
3 Months,BATIC,2.23,2.4,2.04,2.09,-0.14,-6.28,"498,382,367","7,848,399.52"
3 Months,GULF GENERAL,4.62,5.51,4.22,4.33,-0.29,-6.28,"22,648,941","733,723.26"
3 Months,OASIS,2.41,2.69,2.18,2.26,-0.15,-6.22,"42,560,920","1,469,732.88"
3 Months,SAUDI CEMENT,38.60,41.58,35.4,36.22,-2.38,-6.17,"9,572,553","4,807,279.90"
3 Months,ALJAZIRA REIT,13.14,14,11.92,12.37,-0.77,-5.86,"2,960,367","175,094.48"
3 Months,YCC,16.31,17.3,15.18,15.38,-0.93,-5.70,"22,682,456","4,074,400.16"
3 Months,ALKATHIRI,2.11,2.23,1.92,1.99,-0.12,-5.69,"78,257,136","1,880,204.67"
3 Months,JADWA REIT ALHARAMAIN,5.19,5.33,4.8,4.9,-0.29,-5.59,"4,690,542","149,940.83"
3 Months,GULF UNION ALAHLIA,12.07,14.18,10.86,11.41,-0.66,-5.47,"5,918,425","549,837.43"
3 Months,CENOMI CENTERS,21.04,23.52,19.5,19.9,-1.14,-5.42,"76,169,898","24,439,216.72"
3 Months,SOLUTIONS,240.20,271.6,219.9,227.2,-13,-5.41,"7,983,643","18,276,313.30"
3 Months,BJAZ,12.03,13.31,11.14,11.39,-0.64,-5.32,"219,894,060","48,075,892.75"
3 Months,JAZIRA TAKAFUL,12.24,13.12,11.28,11.6,-0.64,-5.23,"5,267,746","1,288,918.23"
3 Months,ASLAK,22.82,26.1,21.01,21.64,-1.18,-5.17,"4,910,505","647,960.97"
3 Months,ALAHLI REIT 1,6.72,6.91,6.05,6.38,-0.34,-5.06,"3,587,252","274,892.80"
3 Months,APC,5.38,6.36,4.93,5.11,-0.27,-5.02,"236,607,866","15,535,470.30"
3 Months,YANSAB,32.02,37.28,30.14,30.42,-1.6,-5.00,"24,356,693","7,562,172.08"
3 Months,SAICO,12.75,14.88,11.84,12.13,-0.62,-4.86,"8,904,096","700,157.76"
3 Months,THEEB,61.25,66.9,57.25,58.35,-2.9,-4.73,"5,502,764","3,475,146.65"
3 Months,SARCO,57.25,63.95,53.5,54.7,-2.55,-4.45,"4,846,359","2,886,233.40"
3 Months,ATAA,62.15,70.6,58.25,59.4,-2.75,-4.42,"2,836,070","1,766,133.30"
3 Months,MOUWASAT,73.45,79.75,68,70.25,-3.2,-4.36,"39,426,549","22,420,599.55"
3 Months,DERAYAH REIT,5.65,5.75,5.29,5.41,-0.24,-4.25,"5,124,889","182,209.79"
3 Months,SADR,2.89,3.11,2.69,2.77,-0.12,-4.15,"76,177,150","2,111,804.93"
3 Months,BUDGET SAUDI,67.95,78.95,64,65.15,-2.8,-4.12,"9,057,776","18,579,565.90"
3 Months,GIG,24.40,27.22,22.04,23.4,-1,-4.10,"6,391,280","1,421,313.71"
3 Months,AVALON PHARMA,125.70,138.4,117.6,120.9,-4.8,-3.82,"1,986,706","2,818,152.80"
3 Months,ARABIAN MILLS,40.50,43.5,38.08,38.96,-1.54,-3.80,"5,790,976","1,464,376.90"
3 Months,KEC,12.48,13.16,11.85,12.02,-0.46,-3.69,"15,979,181","567,519.05"
3 Months,ASTRA INDUSTRIAL,138.90,151.2,130.9,133.8,-5.1,-3.67,"8,449,798","8,411,907.80"
3 Months,MEFIC REIT,3.62,3.83,3.4,3.49,-0.13,-3.59,"10,463,550","275,044.29"
3 Months,TAWUNIYA,123.70,140.8,118.4,119.3,-4.4,-3.56,"21,662,284","46,870,452.40"
3 Months,NORTHERN CEMENT,7.68,8.28,7.22,7.42,-0.26,-3.39,"17,065,330","1,242,048.01"
3 Months,UCIC,28.00,32.44,26.16,27.12,-0.88,-3.14,"17,353,524","2,914,058.28"
3 Months,LAZURDE,12.27,13.48,11.44,11.89,-0.38,-3.10,"12,868,353","1,175,552.05"
3 Months,DALLAH HEALTH,130.40,157.3,119.5,126.4,-4,-3.07,"4,617,619","14,761,052.50"
3 Months,MUSHARAKA REIT,4.26,4.53,4.03,4.13,-0.13,-3.05,"3,908,614","365,209.81"
3 Months,ALYAMAMAH STEEL,33.64,39.5,31.02,32.62,-1.02,-3.03,"19,180,994","7,255,083.14"
3 Months,NAYIFAT,12.93,13.73,12.42,12.57,-0.36,-2.78,"12,341,128","738,361.02"
3 Months,TAIBA,35.54,43,33.74,34.58,-0.96,-2.70,"16,594,758","2,177,306.24"
3 Months,SAUDI ELECTRICITY,14.53,16.05,13.97,14.14,-0.39,-2.68,"89,342,958","11,706,858.94"
3 Months,FOURTH MILLING,3.84,3.99,3.66,3.74,-0.1,-2.60,"80,535,561","1,389,552.24"
3 Months,BCI,26.90,29.16,25.72,26.3,-0.6,-2.23,"2,763,113","747,203.74"
3 Months,BUPA ARABIA,147.00,167.5,140.6,144,-3,-2.04,"11,942,776","11,685,178.90"
3 Months,ALINMA,24.82,28.02,23.94,24.32,-0.5,-2.01,"446,047,218","137,828,002.89"
3 Months,RIYAD REIT,5.18,5.46,4.95,5.08,-0.1,-1.93,"8,898,083","508,925.36"
3 Months,ALKHABEER REIT,5.74,5.82,5.58,5.63,-0.11,-1.92,"8,859,566","330,317.68"
3 Months,NCLE,151.70,183,141.5,148.9,-2.8,-1.85,"1,733,133","2,168,238.00"
3 Months,Al RAJHI REIT,8.22,8.4,8.08,8.08,-0.14,-1.70,"10,881,135","1,996,590.80"
3 Months,ANB,22.42,26.26,21.62,22.04,-0.38,-1.69,"92,861,510","23,597,719.84"
3 Months,ALMASAR ALSHAMIL,23.09,24.48,18.33,22.7,-0.39,-1.69,"45,068,494","215,561,846.21"
3 Months,FITAIHI GROUP,2.98,3.44,2.85,2.93,-0.05,-1.68,"91,418,292","2,840,782.44"
3 Months,ACC,21.50,22.7,20.85,21.14,-0.36,-1.67,"8,712,148","1,729,937.55"
3 Months,BURUJ,16.27,17.56,15,16.01,-0.26,-1.60,"2,305,467","1,872,712.11"
3 Months,2P,8.97,10.23,8.45,8.84,-0.13,-1.45,"37,977,297","2,039,602.75"
3 Months,TADAWUL GROUP,168.10,215,158.7,165.7,-2.4,-1.43,"9,513,267","54,298,250.60"
3 Months,JAMJOOM PHARMA,153.80,165.3,141.9,151.7,-2.1,-1.37,"4,094,457","6,920,875.40"
3 Months,SAIB,13.25,14.81,12.85,13.07,-0.18,-1.36,"34,911,410","2,616,614.57"
3 Months,ALINMA RETAIL REIT,4.47,4.69,4.32,4.41,-0.06,-1.34,"11,267,246","2,428,145.84"
3 Months,ALOMRAN,27.26,33.7,25.74,26.9,-0.36,-1.32,"5,780,425","880,191.52"
3 Months,PETROCHEM,46.05,46.05,45.4,45.45,-0.6,-1.30,"289,936","4,661,416.70"
3 Months,RIBL,26.18,28.5,25.3,25.84,-0.34,-1.30,"144,581,669","71,062,601.46"
3 Months,FIRST MILLS,50.20,54.4,46.86,49.74,-0.46,-0.92,"3,142,067","1,180,677.34"
3 Months,SACO,27.30,33.34,26.16,27.06,-0.24,-0.88,"8,998,502","2,880,853.82"
3 Months,LIVA,11.80,14.47,11.31,11.7,-0.1,-0.85,"7,742,045","424,492.90"
3 Months,EXTRA,89.00,93.5,84.45,88.55,-0.45,-0.51,"14,055,871","13,514,750.60"
3 Months,ALMUNAJEM,55.60,62.6,53,55.35,-0.25,-0.45,"9,891,042","5,666,203.85"
3 Months,ALINMA HOSPITALITY REIT,8.20,8.34,8.09,8.18,-0.02,-0.24,"10,010,576","874,417.83"
3 Months,SISCO HOLDING,32.52,38.38,30,32.5,-0.02,-0.06,"23,837,581","5,589,909.08"
